for N=3 oscillators in a 1D ring topology,,,,,,,,,,,,,,,,
coupling strength K  [Hz],filter_cutoff f_c  [Hz],delay [s],Omega [Hz],m-twist-state,Tsim ~= - 25 / Re(lambda),paramSet id,Re(\lambda),Zeitproxy 1. simulation [sek],topology,diff. const. c,# oscis,coupling function,Nx ,Ny,mx,my
K,Fc,delay,Fomeg,m,Tsim,id,ReLambda,SimSeconds,topology,c,N,couplingfct,Nx,Ny,mx,my
0.25,1.0,0.45,1.20689655172,0.0,14,4,-1.74908594742,0.714658991939,ring,0.0,3,triang,3.0,1.0,0.0,-999.0
0.25,1.0,0.5,1.16666666667,0.0,16,5,-1.60906568035,0.776848338305,ring,0.0,3,triang,3.0,1.0,0.0,-999.0
0.25,1.0,0.55,1.12903225806,0.0,17,6,-1.48347797273,0.842614466123,ring,0.0,3,triang,3.0,1.0,0.0,-999.0
0.25,1.0,0.6,1.09375,0.0,18,7,-1.37131123274,0.911536323886,ring,0.0,3,triang,3.0,1.0,0.0,-999.0
0.25,1.0,0.65,1.06060606061,0.0,20,8,-1.27127286717,0.983266482186,ring,0.0,3,triang,3.0,1.0,0.0,-999.0
0.25,1.0,0.7,1.02941176471,0.0,21,9,-1.18201467876,1.05751647797,ring,0.0,3,triang,3.0,1.0,0.0,-999.0
0.25,1.0,0.75,1.0,0.0,23,10,-1.10224994832,1.13404405407,ring,0.0,3,triang,3.0,1.0,0.0,-999.0
0.25,1.0,0.8,0.972222222222,0.0,24,11,-1.03080628332,1.21264297689,ring,0.0,3,triang,3.0,1.0,0.0,-999.0
0.25,1.0,0.85,0.945945945946,0.0,26,12,-0.966642912399,1.29313522498,ring,0.0,3,triang,3.0,1.0,0.0,-999.0
0.25,1.0,0.9,0.921052631579,0.0,28,13,-0.90884958761,1.37536509566,ring,0.0,3,triang,3.0,1.0,0.0,-999.0
0.25,1.0,0.95,0.897435897436,0.0,29,14,-0.856636837235,1.45919477854,ring,0.0,3,triang,3.0,1.0,0.0,-999.0
0.25,1.0,1.0,0.875,0.0,31,15,-0.809322869766,1.54450102264,ring,0.0,3,triang,3.0,1.0,0.0,-999.0
0.25,1.0,1.05,0.853658536585,0.0,33,16,-0.766319880936,1.63117260963,ring,0.0,3,triang,3.0,1.0,0.0,-999.0
0.25,1.0,1.1,0.833333333333,0.0,34,17,-0.727121096818,1.71910842014,ring,0.0,3,triang,3.0,1.0,0.0,-999.0
0.25,1.0,1.15,0.813953488372,0.0,36,18,-0.691289117825,1.80821593711,ring,0.0,3,triang,3.0,1.0,0.0,-999.0
0.25,1.0,1.2,0.795454545455,0.0,38,19,-0.658445726625,1.89841007308,ring,0.0,3,triang,3.0,1.0,0.0,-999.0
0.25,1.0,1.25,0.777777777778,0.0,40,20,-0.62826312357,1.98961223905,ring,0.0,3,triang,3.0,1.0,0.0,-999.0
0.25,1.0,1.25,1.22222222222,0.0,40,21,-0.62826312357,1.98961223905,ring,0.0,3,triang,3.0,1.0,0.0,-999.0
0.25,1.0,1.1,1.07142857143,1.0,34,22,-0.727121096818,1.71910842014,ring,0.0,3,triang,3.0,1.0,1.0,-999.0
0.25,1.0,1.1,1.07142857143,1.0,34,23,-0.727121096818,1.71910842014,ring,0.0,3,triang,3.0,1.0,1.0,-999.0
0.25,1.0,1.15,1.04651162791,1.0,36,24,-0.691289117825,1.80821593711,ring,0.0,3,triang,3.0,1.0,1.0,-999.0
0.25,1.0,1.2,1.02272727273,1.0,38,25,-0.658445726625,1.89841007308,ring,0.0,3,triang,3.0,1.0,1.0,-999.0
0.25,1.0,1.25,1.0,1.0,40,26,-0.62826312357,1.98961223905,ring,0.0,3,triang,3.0,1.0,1.0,-999.0
0.25,1.0,1.3,0.978260869565,1.0,42,27,-0.600456463609,2.08174959511,ring,0.0,3,triang,3.0,1.0,1.0,-999.0
0.25,1.0,1.35,0.957446808511,1.0,43,28,-0.57477753702,2.17475443887,ring,0.0,3,triang,3.0,1.0,1.0,-999.0
0.25,1.0,1.4,0.9375,1.0,45,29,-0.551009433973,2.26856369951,ring,0.0,3,triang,3.0,1.0,1.0,-999.0
0.25,1.0,0.45,1.20689655172,0.0,21,31,-1.17002518723,1.06835306936,chain,0.0,3,triang,3.0,1.0,0.0,-999.0
0.25,1.0,0.5,1.16666666667,0.0,24,32,-1.03898441843,1.203097927,chain,0.0,3,triang,3.0,1.0,0.0,-999.0
0.25,1.0,0.55,1.12903225806,0.0,27,33,-0.926838441429,1.34867086228,chain,0.0,3,triang,3.0,1.0,0.0,-999.0
0.25,1.0,0.6,1.09375,0.0,30,34,-0.8305512129,1.5050245916,chain,0.0,3,triang,3.0,1.0,0.0,-999.0
0.25,1.0,0.65,1.06060606061,0.0,33,35,-0.747525501228,1.67218375553,chain,0.0,3,triang,3.0,1.0,0.0,-999.0
0.25,1.0,0.7,1.02941176471,0.0,37,36,-0.675593321502,1.85022551321,chain,0.0,3,triang,3.0,1.0,0.0,-999.0
0.25,1.0,0.75,1.0,0.0,41,37,-0.612965736483,2.03926569725,chain,0.0,3,triang,3.0,1.0,0.0,-999.0
0.25,1.0,0.8,0.972222222222,0.0,45,38,-0.558173016332,2.23944899417,chain,0.0,3,triang,3.0,1.0,0.0,-999.0
0.25,1.0,0.85,0.945945945946,0.0,49,39,-0.510007999276,2.45094194949,chain,0.0,3,triang,3.0,1.0,0.0,-999.0
0.25,1.0,0.9,0.921052631579,0.0,53,40,-0.467477071062,2.67392793653,chain,0.0,3,triang,3.0,1.0,0.0,-999.0
0.25,1.0,0.95,0.897435897436,0.0,58,41,-0.42975950587,2.90860349318,chain,0.0,3,triang,3.0,1.0,0.0,-999.0
0.25,1.0,1.0,0.875,0.0,63,42,-0.396174461023,3.15517561827,chain,0.0,3,triang,3.0,1.0,0.0,-999.0
0.25,1.0,1.05,0.853658536585,0.0,68,43,-0.366154467992,3.41385974847,chain,0.0,3,triang,3.0,1.0,0.0,-999.0
0.25,1.0,1.1,0.833333333333,0.0,74,44,-0.339224235988,3.68487822327,chain,0.0,3,triang,3.0,1.0,0.0,-999.0
0.25,1.0,1.15,0.813953488372,0.0,79,45,-0.31498371713,3.96845910445,chain,0.0,3,triang,3.0,1.0,0.0,-999.0
0.25,1.0,1.2,0.795454545455,0.0,85,46,-0.293094556974,4.26483525626,chain,0.0,3,triang,3.0,1.0,0.0,-999.0
0.25,1.0,1.25,0.777777777778,0.0,91,47,-0.273269223052,4.57424361968,chain,0.0,3,triang,3.0,1.0,0.0,-999.0
0.25,1.0,1.25,1.22222222222,0.0,91,48,-0.273269223052,4.57424361968,chain,0.0,3,triang,3.0,1.0,0.0,-999.0
0.25,1.0,1.3,0.760869565217,0.0,98,49,-0.255262250024,4.89692463294,chain,0.0,3,triang,3.0,1.0,0.0,-999.0
0.25,1.0,1.3,1.19565217391,0.0,98,50,-0.255262250024,4.89692463294,chain,0.0,3,triang,3.0,1.0,0.0,-999.0
0.25,1.0,1.35,1.17021276596,0.0,105,51,-0.238863159791,5.2331217635,chain,0.0,3,triang,3.0,1.0,0.0,-999.0
0.25,1.0,1.4,1.14583333333,0.0,112,52,-0.223890710489,5.58308112592,chain,0.0,3,triang,3.0,1.0,0.0,-999.0
0.25,1.0,1.45,1.12244897959,0.0,119,53,-0.210188203357,5.94705116669,chain,0.0,3,triang,3.0,1.0,0.0,-999.0
0.25,0.1,0.16,1.0775862069,1.0,87,54,-0.287937551389,4.341219108,ring,0.0,3,triang,3.0,1.0,1.0,-999.0
0.25,0.1,0.17,1.06837606838,1.0,87,55,-0.286239648025,4.36697015464,ring,0.0,3,triang,3.0,1.0,1.0,-999.0
0.25,0.1,0.18,1.0593220339,1.0,88,56,-0.284536559179,4.39310858193,ring,0.0,3,triang,3.0,1.0,1.0,-999.0
0.25,0.1,0.19,1.05042016807,1.0,88,57,-0.282828593459,4.41963800305,ring,0.0,3,triang,3.0,1.0,1.0,-999.0
0.25,0.1,0.2,1.04166666667,1.0,89,58,-0.281116061697,4.44656200877,ring,0.0,3,triang,3.0,1.0,1.0,-999.0
0.25,0.1,0.21,1.03305785124,1.0,89,59,-0.279399276696,4.473884166,ring,0.0,3,triang,3.0,1.0,1.0,-999.0
0.25,0.1,0.22,1.02459016393,1.0,90,60,-0.277678552968,4.50160801632,ring,0.0,3,triang,3.0,1.0,1.0,-999.0
0.25,0.1,0.23,1.0162601626,1.0,91,61,-0.275954206482,4.52973707462,ring,0.0,3,triang,3.0,1.0,1.0,-999.0
0.25,0.1,0.24,1.00806451613,1.0,91,62,-0.274226554403,4.55827482763,ring,0.0,3,triang,3.0,1.0,1.0,-999.0
0.25,0.1,0.25,1.0,1.0,92,63,-0.272495914827,4.5872247325,ring,0.0,3,triang,3.0,1.0,1.0,-999.0
0.25,0.1,0.26,0.992063492063,1.0,92,64,-0.270762606526,4.61659021546,ring,0.0,3,triang,3.0,1.0,1.0,-999.0
0.25,0.1,0.27,0.984251968504,1.0,93,65,-0.269026948681,4.64637467037,ring,0.0,3,triang,3.0,1.0,1.0,-999.0
0.25,0.1,0.28,0.9765625,1.0,94,66,-0.267289260624,4.67658145741,ring,0.0,3,triang,3.0,1.0,1.0,-999.0
0.25,0.1,0.29,0.968992248062,1.0,94,67,-0.265549861577,4.70721390166,ring,0.0,3,triang,3.0,1.0,1.0,-999.0
0.25,0.1,0.3,0.961538461538,1.0,95,68,-0.263809070393,4.73827529182,ring,0.0,3,triang,3.0,1.0,1.0,-999.0
0.25,0.1,0.31,0.954198473282,1.0,95,69,-0.2620672053,4.76976887882,ring,0.0,3,triang,3.0,1.0,1.0,-999.0
0.25,0.1,0.32,0.94696969697,1.0,96,70,-0.260324583649,4.80169787454,ring,0.0,3,triang,3.0,1.0,1.0,-999.0
0.25,0.1,0.33,0.93984962406,1.0,97,71,-0.258581521659,4.83406545053,ring,0.0,3,triang,3.0,1.0,1.0,-999.0
0.25,0.1,0.34,0.932835820896,1.0,97,72,-0.256838334174,4.86687473667,ring,0.0,3,triang,3.0,1.0,1.0,-999.0
0.25,0.1,0.35,0.925925925926,1.0,98,73,-0.255095334416,4.90012881993,ring,0.0,3,triang,3.0,1.0,1.0,-999.0
0.25,0.1,0.36,0.919117647059,1.0,99,74,-0.253352833747,4.93383074312,ring,0.0,3,triang,3.0,1.0,1.0,-999.0
0.25,1.0,0.16,1.0775862069,1.0,9,75,-2.75340416395,0.453983478476,ring,0.0,3,triang,3.0,1.0,1.0,-999.0
0.25,1.0,0.17,1.06837606838,1.0,9,76,-2.72053781381,0.459467974918,ring,0.0,3,triang,3.0,1.0,1.0,-999.0
0.25,1.0,0.18,1.0593220339,1.0,9,77,-2.68690712071,0.465218909268,ring,0.0,3,triang,3.0,1.0,1.0,-999.0
0.25,1.0,0.19,1.05042016807,1.0,9,78,-2.65258406644,0.471238599303,ring,0.0,3,triang,3.0,1.0,1.0,-999.0
0.25,1.0,0.2,1.04166666667,1.0,10,79,-2.6176446772,0.477528524359,ring,0.0,3,triang,3.0,1.0,1.0,-999.0
0.25,1.0,0.21,1.03305785124,1.0,10,80,-2.58216802523,0.484089334152,ring,0.0,3,triang,3.0,1.0,1.0,-999.0
0.25,1.0,0.22,1.02459016393,1.0,10,81,-2.54623519457,0.4909208712,ring,0.0,3,triang,3.0,1.0,1.0,-999.0
0.25,1.0,0.23,1.0162601626,1.0,10,82,-2.50992824404,0.498022205601,ring,0.0,3,triang,3.0,1.0,1.0,-999.0
0.25,1.0,0.24,1.00806451613,1.0,10,83,-2.47332919834,0.505391680509,ring,0.0,3,triang,3.0,1.0,1.0,-999.0
0.25,1.0,0.25,1.0,1.0,10,84,-2.43651909542,0.513026966359,ring,0.0,3,triang,3.0,1.0,1.0,-999.0
0.25,1.0,0.26,0.992063492063,1.0,10,85,-2.3995771134,0.520925121772,ring,0.0,3,triang,3.0,1.0,1.0,-999.0
0.25,1.0,0.27,0.984251968504,1.0,11,86,-2.36257979503,0.529082658976,ring,0.0,3,triang,3.0,1.0,1.0,-999.0
0.25,1.0,0.28,0.9765625,1.0,11,87,-2.32560038214,0.537495611714,ring,0.0,3,triang,3.0,1.0,1.0,-999.0
0.25,1.0,0.29,0.968992248062,1.0,11,88,-2.28870826671,0.54615960373,ring,0.0,3,triang,3.0,1.0,1.0,-999.0
0.25,1.0,0.3,0.961538461538,1.0,11,89,-2.25196856035,0.555069916165,ring,0.0,3,triang,3.0,1.0,1.0,-999.0
0.25,1.0,0.31,0.954198473282,1.0,11,90,-2.21544177906,0.564221552475,ring,0.0,3,triang,3.0,1.0,1.0,-999.0
0.25,1.0,0.32,0.94696969697,1.0,11,91,-2.17918363692,0.57360929975,ring,0.0,3,triang,3.0,1.0,1.0,-999.0
0.25,1.0,0.33,0.93984962406,1.0,12,92,-2.14324493934,0.583227785615,ring,0.0,3,triang,3.0,1.0,1.0,-999.0
0.25,1.0,0.34,0.932835820896,1.0,12,93,-2.10767156482,0.59307153015,ring,0.0,3,triang,3.0,1.0,1.0,-999.0
0.25,1.0,0.35,0.925925925926,1.0,12,94,-2.07250452301,0.603134992529,ring,0.0,3,triang,3.0,1.0,1.0,-999.0
0.25,1.0,0.36,0.919117647059,1.0,12,95,-2.03778007664,0.613412612249,ring,0.0,3,triang,3.0,1.0,1.0,-999.0
0.25,0.5,0.41,1.24113475177,0.0,23,96,-1.10339517617,1.13286701536,ring,0.0,3,triang,3.0,1.0,0.0,-999.0
0.25,0.5,0.42,1.2323943662,0.0,23,97,-1.09106467466,1.14566993968,ring,0.0,3,triang,3.0,1.0,0.0,-999.0
0.25,0.5,0.43,1.22377622378,0.0,23,98,-1.07882484255,1.15866816438,ring,0.0,3,triang,3.0,1.0,0.0,-999.0
0.25,0.5,0.44,1.21527777778,0.0,23,99,-1.06668179199,1.17185838306,ring,0.0,3,triang,3.0,1.0,0.0,-999.0
0.25,0.5,0.45,1.20689655172,0.0,24,100,-1.05464117952,1.18523723923,ring,0.0,3,triang,3.0,1.0,0.0,-999.0
0.25,0.5,0.46,1.19863013699,0.0,24,101,-1.04270821324,1.19880133687,ring,0.0,3,triang,3.0,1.0,0.0,-999.0
0.25,0.5,0.47,1.19047619048,0.0,24,102,-1.03088766208,1.21254725028,ring,0.0,3,triang,3.0,1.0,0.0,-999.0
0.25,0.5,0.48,1.18243243243,0.0,25,103,-1.01918386689,1.22647153337,ring,0.0,3,triang,3.0,1.0,0.0,-999.0
0.25,0.5,0.49,1.1744966443,0.0,25,104,-1.00760075312,1.24057072817,ring,0.0,3,triang,3.0,1.0,0.0,-999.0
0.25,0.5,0.5,1.16666666667,0.0,25,105,-0.996141844768,1.25484137281,ring,0.0,3,triang,3.0,1.0,0.0,-999.0
0.25,0.5,0.51,1.15894039735,0.0,25,106,-0.984810279352,1.26928000876,ring,0.0,3,triang,3.0,1.0,0.0,-999.0
0.25,0.5,0.52,1.15131578947,0.0,26,107,-0.973608823745,1.28388318749,ring,0.0,3,triang,3.0,1.0,0.0,-999.0
0.25,0.5,0.53,1.14379084967,0.0,26,108,-0.962539890604,1.29864747654,ring,0.0,3,triang,3.0,1.0,0.0,-999.0
0.25,0.5,0.54,1.13636363636,0.0,26,109,-0.951605555214,1.31356946494,ring,0.0,3,triang,3.0,1.0,0.0,-999.0
0.25,0.5,0.55,1.12903225806,0.0,27,110,-0.940807572591,1.32864576818,ring,0.0,3,triang,3.0,1.0,0.0,-999.0
0.25,0.5,0.56,1.12179487179,0.0,27,111,-0.930147394671,1.34387303256,ring,0.0,3,triang,3.0,1.0,0.0,-999.0
0.25,0.5,0.57,1.11464968153,0.0,27,112,-0.919626187453,1.35924793906,ring,0.0,3,triang,3.0,1.0,0.0,-999.0
0.25,0.5,0.58,1.10759493671,0.0,27,113,-0.909244847991,1.37476720683,ring,0.0,3,triang,3.0,1.0,0.0,-999.0
0.25,0.5,0.59,1.10062893082,0.0,28,114,-0.899004021113,1.39042759614,ring,0.0,3,triang,3.0,1.0,0.0,-999.0
0.25,0.5,0.6,1.09375,0.0,28,115,-0.888904115795,1.40622591097,ring,0.0,3,triang,3.0,1.0,0.0,-999.0
0.25,0.5,0.61,1.08695652174,0.0,28,116,-0.878945321106,1.42215900123,ring,0.0,3,triang,3.0,1.0,0.0,-999.0
0.25,0.5,0.62,1.08024691358,0.0,29,117,-0.86912762168,1.43822376463,ring,0.0,3,triang,3.0,1.0,0.0,-999.0
0.25,0.5,0.63,1.0736196319,0.0,29,118,-0.859450812648,1.45441714826,ring,0.0,3,triang,3.0,1.0,0.0,-999.0
0.25,0.5,0.64,1.06707317073,0.0,29,119,-0.849914514012,1.4707361498,ring,0.0,3,triang,3.0,1.0,0.0,-999.0
0.25,0.5,0.65,1.06060606061,0.0,30,120,-0.840518184423,1.48717781859,ring,0.0,3,triang,3.0,1.0,0.0,-999.0
0.25,0.5,0.66,1.05421686747,0.0,30,121,-0.831261134345,1.50373925636,ring,0.0,3,triang,3.0,1.0,0.0,-999.0
0.25,0.5,0.67,1.04790419162,0.0,30,122,-0.8221425386,1.52041761776,ring,0.0,3,triang,3.0,1.0,0.0,-999.0
0.25,0.5,0.68,1.04166666667,0.0,31,123,-0.813161448286,1.53721011078,ring,0.0,3,triang,3.0,1.0,0.0,-999.0
0.25,0.5,0.69,1.03550295858,0.0,31,124,-0.804316802067,1.55411399686,ring,0.0,3,triang,3.0,1.0,0.0,-999.0
0.25,0.5,0.7,1.02941176471,0.0,31,125,-0.795607436845,1.57112659097,ring,0.0,3,triang,3.0,1.0,0.0,-999.0
0.25,0.5,0.71,1.02339181287,0.0,32,126,-0.787032097822,1.58824526148,ring,0.0,3,triang,3.0,1.0,0.0,-999.0
0.25,0.5,0.72,1.01744186047,0.0,32,127,-0.778589447965,1.60546742994,ring,0.0,3,triang,3.0,1.0,0.0,-999.0
0.25,0.5,0.73,1.01156069364,0.0,32,128,-0.770278076894,1.6227905707,ring,0.0,3,triang,3.0,1.0,0.0,-999.0
0.25,0.5,0.74,1.00574712644,0.0,33,129,-0.7620965092,1.64021221054,ring,0.0,3,triang,3.0,1.0,0.0,-999.0
0.25,0.5,0.75,1.0,0.0,33,130,-0.754043212229,1.65772992811,ring,0.0,3,triang,3.0,1.0,0.0,-999.0
0.25,0.5,0.76,0.994318181818,0.0,34,131,-0.746116603337,1.67534135336,ring,0.0,3,triang,3.0,1.0,0.0,-999.0
0.25,0.5,0.77,0.988700564972,0.0,34,132,-0.738315056653,1.6930441669,ring,0.0,3,triang,3.0,1.0,0.0,-999.0
0.25,0.5,0.78,0.983146067416,0.0,34,133,-0.730636909359,1.71083609928,ring,0.0,3,triang,3.0,1.0,0.0,-999.0
0.25,0.5,0.79,0.977653631285,0.0,35,134,-0.723080467516,1.72871493029,ring,0.0,3,triang,3.0,1.0,0.0,-999.0
0.25,0.5,0.8,0.972222222222,0.0,35,135,-0.715644011463,1.74667848816,ring,0.0,3,triang,3.0,1.0,0.0,-999.0
0.25,0.5,0.81,0.966850828729,0.0,35,136,-0.708325800798,1.76472464873,ring,0.0,3,triang,3.0,1.0,0.0,-999.0
0.25,0.5,0.82,0.961538461538,0.0,36,137,-0.701124078983,1.78285133469,ring,0.0,3,triang,3.0,1.0,0.0,-999.0
0.25,0.5,0.83,0.956284153005,0.0,36,138,-0.694037077574,1.80105651469,ring,0.0,3,triang,3.0,1.0,0.0,-999.0
0.25,0.5,0.84,0.951086956522,0.0,36,139,-0.687063020114,1.81933820247,ring,0.0,3,triang,3.0,1.0,0.0,-999.0
0.25,0.5,0.85,0.945945945946,0.0,37,140,-0.680200125699,1.83769445605,ring,0.0,3,triang,3.0,1.0,0.0,-999.0
0.25,0.5,0.86,0.940860215054,0.0,37,141,-0.673446612241,1.85612337679,ring,0.0,3,triang,3.0,1.0,0.0,-999.0
0.25,0.5,0.87,0.935828877005,0.0,37,142,-0.666800699449,1.87462310857,ring,0.0,3,triang,3.0,1.0,0.0,-999.0
0.25,0.5,0.88,0.93085106383,0.0,38,143,-0.660260611539,1.89319183691,ring,0.0,3,triang,3.0,1.0,0.0,-999.0
0.25,0.5,0.89,0.925925925926,0.0,38,144,-0.653824579703,1.91182778807,ring,0.0,3,triang,3.0,1.0,0.0,-999.0
0.25,0.5,0.9,0.921052631579,0.0,39,145,-0.647490844338,1.93052922822,ring,0.0,3,triang,3.0,1.0,0.0,-999.0
0.25,0.5,0.91,0.916230366492,0.0,39,146,-0.641257657065,1.94929446257,ring,0.0,3,triang,3.0,1.0,0.0,-999.0
0.25,0.5,0.92,0.911458333333,0.0,39,147,-0.635123282544,1.96812183454,ring,0.0,3,triang,3.0,1.0,0.0,-999.0
0.25,0.5,0.93,0.906735751295,0.0,40,148,-0.629086000104,1.98700972489,ring,0.0,3,triang,3.0,1.0,0.0,-999.0
0.25,0.5,0.94,0.90206185567,0.0,40,149,-0.623144105198,2.00595655094,ring,0.0,3,triang,3.0,1.0,0.0,-999.0
0.25,0.5,0.95,0.897435897436,0.0,40,150,-0.617295910698,2.02496076571,ring,0.0,3,triang,3.0,1.0,0.0,-999.0
0.25,0.5,0.96,0.892857142857,0.0,41,151,-0.611539748044,2.04402085719,ring,0.0,3,triang,3.0,1.0,0.0,-999.0
0.25,0.5,0.97,0.888324873096,0.0,41,152,-0.60587396825,2.06313534746,ring,0.0,3,triang,3.0,1.0,0.0,-999.0
0.25,0.5,0.98,0.883838383838,0.0,42,153,-0.600296942788,2.08230279201,ring,0.0,3,triang,3.0,1.0,0.0,-999.0
0.25,0.5,0.99,0.879396984925,0.0,42,154,-0.594807064354,2.10152177893,ring,0.0,3,triang,3.0,1.0,0.0,-999.0
0.25,0.5,1.0,0.875,0.0,42,155,-0.589402747522,2.1207909282,ring,0.0,3,triang,3.0,1.0,0.0,-999.0
0.25,0.5,1.01,0.870646766169,0.0,43,156,-0.584082429307,2.14010889094,ring,0.0,3,triang,3.0,1.0,0.0,-999.0
0.25,0.5,1.02,0.866336633663,0.0,43,157,-0.578844569628,2.15947434871,ring,0.0,3,triang,3.0,1.0,0.0,-999.0
0.25,0.5,1.03,0.862068965517,0.0,44,158,-0.573687651691,2.17888601283,ring,0.0,3,triang,3.0,1.0,0.0,-999.0
0.25,0.5,1.04,0.857843137255,0.0,44,159,-0.568610182299,2.19834262367,ring,0.0,3,triang,3.0,1.0,0.0,-999.0
0.25,0.5,1.05,0.853658536585,0.0,44,160,-0.563610692087,2.21784295002,ring,0.0,3,triang,3.0,1.0,0.0,-999.0
0.25,0.5,1.06,0.849514563107,0.0,45,161,-0.558687735692,2.23738578842,ring,0.0,3,triang,3.0,1.0,0.0,-999.0
0.25,0.5,1.07,0.845410628019,0.0,45,162,-0.553839891873,2.25696996252,ring,0.0,3,triang,3.0,1.0,0.0,-999.0
0.25,0.5,1.08,0.841346153846,0.0,46,163,-0.549065763565,2.27659432248,ring,0.0,3,triang,3.0,1.0,0.0,-999.0
0.25,0.5,1.09,0.837320574163,0.0,46,164,-0.544363977896,2.29625774437,ring,0.0,3,triang,3.0,1.0,0.0,-999.0
0.25,0.5,1.1,0.833333333333,0.0,46,165,-0.539733186157,2.31595912955,ring,0.0,3,triang,3.0,1.0,0.0,-999.0
0.25,0.5,1.11,0.829383886256,0.0,47,166,-0.535172063727,2.33569740411,ring,0.0,3,triang,3.0,1.0,0.0,-999.0
0.25,0.5,1.12,0.825471698113,0.0,47,167,-0.530679309969,2.35547151833,ring,0.0,3,triang,3.0,1.0,0.0,-999.0
0.25,0.5,1.13,0.821596244131,0.0,48,168,-0.526253648092,2.3752804461,ring,0.0,3,triang,3.0,1.0,0.0,-999.0
0.25,0.5,1.14,0.817757009346,0.0,48,169,-0.521893824982,2.39512318438,ring,0.0,3,triang,3.0,1.0,0.0,-999.0
0.25,0.5,1.15,0.813953488372,0.0,48,170,-0.51759861101,2.41499875272,ring,0.0,3,triang,3.0,1.0,0.0,-999.0
0.25,0.5,1.16,0.810185185185,0.0,49,171,-0.513366799813,2.43490619272,ring,0.0,3,triang,3.0,1.0,0.0,-999.0
0.25,0.5,1.17,0.806451612903,0.0,49,172,-0.50919720806,2.45484456751,ring,0.0,3,triang,3.0,1.0,0.0,-999.0
0.25,0.5,1.18,0.802752293578,0.0,49,173,-0.505088675196,2.47481296134,ring,0.0,3,triang,3.0,1.0,0.0,-999.0
0.25,0.5,1.19,0.799086757991,0.0,50,174,-0.501040063169,2.49481047902,ring,0.0,3,triang,3.0,1.0,0.0,-999.0
0.25,0.5,1.2,0.795454545455,0.0,50,175,-0.497050256148,2.51483624551,ring,0.0,3,triang,3.0,1.0,0.0,-999.0
0.25,0.5,1.21,0.79185520362,0.0,51,176,-0.493118160227,2.53488940546,ring,0.0,3,triang,3.0,1.0,0.0,-999.0
0.25,0.5,1.21,1.2443438914,0.0,51,177,-0.493118160227,2.53488940546,ring,0.0,3,triang,3.0,1.0,0.0,-999.0
0.25,0.5,1.22,0.788288288288,0.0,51,178,-0.489242703113,2.55496912278,ring,0.0,3,triang,3.0,1.0,0.0,-999.0
0.25,0.5,1.22,1.23873873874,0.0,51,179,-0.489242703113,2.55496912278,ring,0.0,3,triang,3.0,1.0,0.0,-999.0
0.25,0.5,1.23,0.784753363229,0.0,52,180,-0.485422833817,2.57507458018,ring,0.0,3,triang,3.0,1.0,0.0,-999.0
0.25,0.5,1.23,1.2331838565,0.0,52,181,-0.485422833817,2.57507458018,ring,0.0,3,triang,3.0,1.0,0.0,-999.0
0.25,0.5,1.24,0.78125,0.0,52,182,-0.481657522324,2.59520497878,ring,0.0,3,triang,3.0,1.0,0.0,-999.0
0.25,0.5,1.24,1.22767857143,0.0,52,183,-0.481657522324,2.59520497878,ring,0.0,3,triang,3.0,1.0,0.0,-999.0
0.25,0.5,1.25,0.777777777778,0.0,52,184,-0.477945759269,2.61535953769,ring,0.0,3,triang,3.0,1.0,0.0,-999.0
0.25,0.5,1.25,1.22222222222,0.0,52,185,-0.477945759269,2.61535953769,ring,0.0,3,triang,3.0,1.0,0.0,-999.0
0.25,0.5,1.26,0.774336283186,0.0,53,186,-0.474286555599,2.63553749362,ring,0.0,3,triang,3.0,1.0,0.0,-999.0
0.25,0.5,1.26,1.21681415929,0.0,53,187,-0.474286555599,2.63553749362,ring,0.0,3,triang,3.0,1.0,0.0,-999.0
0.25,0.5,1.27,0.770925110132,0.0,53,188,-0.47067894224,2.65573810048,ring,0.0,3,triang,3.0,1.0,0.0,-999.0
0.25,0.5,1.27,1.21145374449,0.0,53,189,-0.47067894224,2.65573810048,ring,0.0,3,triang,3.0,1.0,0.0,-999.0
0.25,0.5,1.28,0.767543859649,0.0,54,190,-0.467121969751,2.67596062901,ring,0.0,3,triang,3.0,1.0,0.0,-999.0
0.25,0.5,1.28,1.20614035088,0.0,54,191,-0.467121969751,2.67596062901,ring,0.0,3,triang,3.0,1.0,0.0,-999.0
0.25,0.5,1.29,0.764192139738,0.0,54,192,-0.463614707984,2.69620436641,ring,0.0,3,triang,3.0,1.0,0.0,-999.0
0.25,0.5,1.29,1.20087336245,0.0,54,193,-0.463614707984,2.69620436641,ring,0.0,3,triang,3.0,1.0,0.0,-999.0
0.25,0.5,1.3,0.760869565217,0.0,54,194,-0.460156245741,2.71646861597,ring,0.0,3,triang,3.0,1.0,0.0,-999.0
0.25,0.5,1.3,1.19565217391,0.0,54,195,-0.460156245741,2.71646861597,ring,0.0,3,triang,3.0,1.0,0.0,-999.0
0.25,0.5,1.31,0.757575757576,0.0,55,196,-0.456745690431,2.73675269671,ring,0.0,3,triang,3.0,1.0,0.0,-999.0
0.25,0.5,1.31,1.19047619048,0.0,55,197,-0.456745690431,2.73675269671,ring,0.0,3,triang,3.0,1.0,0.0,-999.0
0.25,0.5,1.32,0.754310344828,0.0,55,198,-0.453382167722,2.75705594307,ring,0.0,3,triang,3.0,1.0,0.0,-999.0
0.25,0.5,1.32,1.18534482759,0.0,55,199,-0.453382167722,2.75705594307,ring,0.0,3,triang,3.0,1.0,0.0,-999.0
0.25,0.5,1.33,0.751072961373,0.0,56,200,-0.450064821204,2.77737770452,ring,0.0,3,triang,3.0,1.0,0.0,-999.0
0.25,0.5,1.33,1.18025751073,0.0,56,201,-0.450064821204,2.77737770452,ring,0.0,3,triang,3.0,1.0,0.0,-999.0
0.25,0.5,1.34,1.17521367521,0.0,56,202,-0.446792812044,2.79771734528,ring,0.0,3,triang,3.0,1.0,0.0,-999.0
0.25,0.5,1.35,1.17021276596,0.0,56,203,-0.443565318647,2.81807424397,ring,0.0,3,triang,3.0,1.0,0.0,-999.0
0.25,0.5,1.36,1.16525423729,0.0,57,204,-0.440381536324,2.83844779333,ring,0.0,3,triang,3.0,1.0,0.0,-999.0
0.25,0.5,1.37,1.16033755274,0.0,57,205,-0.437240676951,2.85883739984,ring,0.0,3,triang,3.0,1.0,0.0,-999.0
0.25,0.5,1.38,1.15546218487,0.0,58,206,-0.434141968643,2.87924248353,ring,0.0,3,triang,3.0,1.0,0.0,-999.0
0.25,0.5,1.39,1.15062761506,0.0,58,207,-0.431084655428,2.89966247757,ring,0.0,3,triang,3.0,1.0,0.0,-999.0
0.25,0.5,1.4,1.14583333333,0.0,58,208,-0.428067996917,2.92009682808,ring,0.0,3,triang,3.0,1.0,0.0,-999.0
0.25,0.5,1.41,1.14107883817,0.0,59,209,-0.425091267991,2.9405449938,ring,0.0,3,triang,3.0,1.0,0.0,-999.0
0.25,0.5,1.42,1.13636363636,0.0,59,210,-0.422153758484,2.96100644583,ring,0.0,3,triang,3.0,1.0,0.0,-999.0
0.25,0.5,1.43,1.1316872428,0.0,60,211,-0.419254772868,2.98148066735,ring,0.0,3,triang,3.0,1.0,0.0,-999.0
0.25,0.5,1.44,1.12704918033,0.0,60,212,-0.416393629951,3.0019671534,ring,0.0,3,triang,3.0,1.0,0.0,-999.0
0.25,0.5,1.45,1.12244897959,0.0,60,213,-0.413569662576,3.02246541058,ring,0.0,3,triang,3.0,1.0,0.0,-999.0
0.25,0.5,1.46,1.11788617886,0.0,61,214,-0.410782217318,3.0429749568,ring,0.0,3,triang,3.0,1.0,0.0,-999.0
0.25,0.5,1.47,1.11336032389,0.0,61,215,-0.408030654198,3.0634953211,ring,0.0,3,triang,3.0,1.0,0.0,-999.0
0.25,0.5,1.48,1.10887096774,0.0,62,216,-0.405314346392,3.08402604331,ring,0.0,3,triang,3.0,1.0,0.0,-999.0
0.25,0.5,1.49,1.10441767068,0.0,62,217,-0.402632679948,3.10456667393,ring,0.0,3,triang,3.0,1.0,0.0,-999.0
0.25,0.1,0.44,1.21527777778,0.0,104,218,-0.239467365176,5.21991795869,ring,0.0,3,triang,3.0,1.0,0.0,-999.0
0.25,0.1,0.44,1.21527777778,0.0,104,219,-0.239467365176,5.21991795869,ring,0.0,3,triang,3.0,1.0,0.0,-999.0
0.25,0.9,0.44,1.21527777778,0.0,15,220,-1.66297782135,0.751663662588,ring,0.0,3,triang,3.0,1.0,0.0,-999.0
0.25,1.3,0.44,1.21527777778,0.0,12,221,-2.06283142912,0.605963232068,ring,0.0,3,triang,3.0,1.0,0.0,-999.0
0.25,1.7,0.44,1.21527777778,0.0,11,222,-2.32989441987,0.53650499754,ring,0.0,3,triang,3.0,1.0,0.0,-999.0
0.25,2.1,0.44,1.21527777778,0.0,10,223,-2.51412491073,0.49719088923,ring,0.0,3,triang,3.0,1.0,0.0,-999.0
0.25,2.5,0.44,1.21527777778,0.0,9,224,-2.64649529089,0.472322775068,ring,0.0,3,triang,3.0,1.0,0.0,-999.0
0.25,2.9,0.44,1.21527777778,0.0,9,225,-2.74527989933,0.455326977882,ring,0.0,3,triang,3.0,1.0,0.0,-999.0
0.25,3.3,0.44,1.21527777778,0.0,9,226,-2.82143052194,0.443037668402,ring,0.0,3,triang,3.0,1.0,0.0,-999.0
0.25,3.7,0.44,1.21527777778,0.0,9,227,-2.88174474212,0.433764997202,ring,0.0,3,triang,3.0,1.0,0.0,-999.0
0.25,4.1,0.44,1.21527777778,0.0,9,228,-2.93060613202,0.426532923118,ring,0.0,3,triang,3.0,1.0,0.0,-999.0
0.25,4.5,0.44,1.21527777778,0.0,8,229,-2.97094514148,0.420741528529,ring,0.0,3,triang,3.0,1.0,0.0,-999.0
0.25,5.0,0.44,1.21527777778,0.0,8,230,-3.01240766848,0.414950477348,ring,0.0,3,triang,3.0,1.0,0.0,-999.0
0.25,5.0,0.44,1.21527777778,0.0,8,231,-3.01240766848,0.414950477348,ring,0.0,3,triang,3.0,1.0,0.0,-999.0
0.25,10.0,0.44,1.21527777778,0.0,8,232,-3.1994442272,0.390692855144,ring,0.0,3,triang,3.0,1.0,0.0,-999.0
0.25,15.0,0.44,1.21527777778,0.0,9,233,-2.78531369963,0.448782483699,ring,0.0,3,triang,3.0,1.0,0.0,-999.0
0.25,20.0,0.44,1.21527777778,0.0,9,234,-2.69268090889,0.464221362387,ring,0.0,3,triang,3.0,1.0,0.0,-999.0
0.25,25.0,0.44,1.21527777778,0.0,9,235,-2.64720687997,0.472195811161,ring,0.0,3,triang,3.0,1.0,0.0,-999.0
0.25,30.0,0.44,1.21527777778,0.0,10,236,-2.61978544626,0.47713830985,ring,0.0,3,triang,3.0,1.0,0.0,-999.0
0.25,35.0,0.44,1.21527777778,0.0,10,237,-2.60136564399,0.48051684041,ring,0.0,3,triang,3.0,1.0,0.0,-999.0
0.25,40.0,0.44,1.21527777778,0.0,10,238,-2.5881156298,0.482976875378,ring,0.0,3,triang,3.0,1.0,0.0,-999.0
0.25,45.0,0.44,1.21527777778,0.0,10,239,-2.57811770082,0.484849857554,ring,0.0,3,triang,3.0,1.0,0.0,-999.0
0.25,100.0,0.44,1.21527777778,0.0,10,240,-2.53694022622,0.492719531616,ring,0.0,3,triang,3.0,1.0,0.0,-999.0
0.25,0.1,1.3,0.760869565217,0.0,206,241,-0.121298384496,10.3051661009,ring,0.0,3,triang,3.0,1.0,0.0,-999.0
0.25,0.1,1.3,1.19565217391,0.0,206,242,-0.121298384496,10.3051661009,ring,0.0,3,triang,3.0,1.0,0.0,-999.0
0.25,0.1,1.3,0.760869565217,0.0,206,243,-0.121298384496,10.3051661009,ring,0.0,3,triang,3.0,1.0,0.0,-999.0
0.25,0.1,1.3,1.19565217391,0.0,206,244,-0.121298384496,10.3051661009,ring,0.0,3,triang,3.0,1.0,0.0,-999.0
0.25,0.9,1.3,0.760869565217,0.0,43,245,-0.583045849629,2.14391372616,ring,0.0,3,triang,3.0,1.0,0.0,-999.0
0.25,0.9,1.3,1.19565217391,0.0,43,246,-0.583045849629,2.14391372616,ring,0.0,3,triang,3.0,1.0,0.0,-999.0
0.25,1.3,1.3,0.760869565217,0.0,39,247,-0.63778824077,1.9598981607,ring,0.0,3,triang,3.0,1.0,0.0,-999.0
0.25,1.3,1.3,1.19565217391,0.0,39,248,-0.63778824077,1.9598981607,ring,0.0,3,triang,3.0,1.0,0.0,-999.0
0.25,1.7,1.3,0.760869565217,0.0,37,249,-0.667992621666,1.87127815406,ring,0.0,3,triang,3.0,1.0,0.0,-999.0
0.25,1.7,1.3,1.19565217391,0.0,37,250,-0.667992621666,1.87127815406,ring,0.0,3,triang,3.0,1.0,0.0,-999.0
0.25,2.1,1.3,0.760869565217,0.0,36,251,-0.687007432459,1.81948541011,ring,0.0,3,triang,3.0,1.0,0.0,-999.0
0.25,2.1,1.3,1.19565217391,0.0,36,252,-0.687007432459,1.81948541011,ring,0.0,3,triang,3.0,1.0,0.0,-999.0
0.25,2.5,1.3,0.760869565217,0.0,36,253,-0.700045927411,1.78559713164,ring,0.0,3,triang,3.0,1.0,0.0,-999.0
0.25,2.5,1.3,1.19565217391,0.0,36,254,-0.700045927411,1.78559713164,ring,0.0,3,triang,3.0,1.0,0.0,-999.0
0.25,2.9,1.3,0.760869565217,0.0,35,255,-0.709532106719,1.76172436478,ring,0.0,3,triang,3.0,1.0,0.0,-999.0
0.25,2.9,1.3,1.19565217391,0.0,35,256,-0.709532106719,1.76172436478,ring,0.0,3,triang,3.0,1.0,0.0,-999.0
0.25,3.3,1.3,0.760869565217,0.0,35,257,-0.716739371169,1.74400912003,ring,0.0,3,triang,3.0,1.0,0.0,-999.0
0.25,3.3,1.3,1.19565217391,0.0,35,258,-0.716739371169,1.74400912003,ring,0.0,3,triang,3.0,1.0,0.0,-999.0
0.25,3.7,1.3,0.760869565217,0.0,35,259,-0.722398956277,1.73034580011,ring,0.0,3,triang,3.0,1.0,0.0,-999.0
0.25,3.7,1.3,1.19565217391,0.0,35,260,-0.722398956277,1.73034580011,ring,0.0,3,triang,3.0,1.0,0.0,-999.0
0.25,4.1,1.3,0.760869565217,0.0,34,261,-0.726960104194,1.71948913398,ring,0.0,3,triang,3.0,1.0,0.0,-999.0
0.25,4.1,1.3,1.19565217391,0.0,34,262,-0.726960104194,1.71948913398,ring,0.0,3,triang,3.0,1.0,0.0,-999.0
0.25,4.5,1.3,0.760869565217,0.0,34,263,-0.730713811626,1.71065604634,ring,0.0,3,triang,3.0,1.0,0.0,-999.0
0.25,4.5,1.3,1.19565217391,0.0,34,264,-0.730713811626,1.71065604634,ring,0.0,3,triang,3.0,1.0,0.0,-999.0
0.15,0.5,0.44,1.14715189873,0.0,20,265,-1.22647098574,1.01918432195,ring,0.0,3,triang,3.0,1.0,0.0,-999.0
0.2,0.5,0.44,1.18343195266,0.0,22,266,-1.14182776379,1.09473603607,ring,0.0,3,triang,3.0,1.0,0.0,-999.0
0.25,0.5,0.44,1.21527777778,0.0,23,267,-1.06668179199,1.17185838306,ring,0.0,3,triang,3.0,1.0,0.0,-999.0
0.3,0.5,0.44,1.24345549738,0.0,25,268,-0.999225454785,1.250968932,ring,0.0,3,triang,3.0,1.0,0.0,-999.0
0.35,0.5,0.44,1.26856435644,0.0,27,269,-0.938137642874,1.33242707986,ring,0.0,3,triang,3.0,1.0,0.0,-999.0
0.4,0.5,0.44,1.29107981221,0.0,28,270,-0.882420903071,1.41655755847,ring,0.0,3,triang,3.0,1.0,0.0,-999.0
0.45,0.5,0.44,1.31138392857,0.0,30,271,-0.831302095544,1.5036651618,ring,0.0,3,triang,3.0,1.0,0.0,-999.0
0.5,0.5,0.44,1.32978723404,0.0,32,272,-0.784168805277,1.59404453682,ring,0.0,3,triang,3.0,1.0,0.0,-999.0
0.55,0.5,0.44,1.34654471545,0.0,34,273,-0.740527005861,1.68798705531,ring,0.0,3,triang,3.0,1.0,0.0,-999.0
0.6,0.5,0.44,1.36186770428,0.0,36,274,-0.699971932169,1.7857858902,ring,0.0,3,triang,3.0,1.0,0.0,-999.0
0.65,0.5,0.44,1.37593283582,0.0,38,275,-0.662167475453,1.88773995452,ring,0.0,3,triang,3.0,1.0,0.0,-999.0
0.7,0.5,0.44,1.38888888889,0.0,40,276,-0.62683125484,1.99415710424,ring,0.0,3,triang,3.0,1.0,0.0,-999.0
0.75,0.5,0.44,1.40086206897,0.0,42,277,-0.593723574648,2.10535685861,ring,0.0,3,triang,3.0,1.0,0.0,-999.0
0.8,0.5,0.44,1.41196013289,0.0,44,278,-0.562639106077,2.22167280322,ring,0.0,3,triang,3.0,1.0,0.0,-999.0
0.85,0.5,0.44,1.42227564103,0.0,47,279,-0.533400519462,2.34345478565,ring,0.0,3,triang,3.0,1.0,0.0,-999.0
0.9,0.5,0.44,1.43188854489,0.0,49,280,-0.505853539318,2.47107097775,ring,0.0,3,triang,3.0,1.0,0.0,-999.0
0.95,0.5,0.44,1.44086826347,0.0,52,281,-0.479863054577,2.60490985517,ring,0.0,3,triang,3.0,1.0,0.0,-999.0
0.25,1.0,0.41,1.24113475177,0.0,20,281,-1.24780832218,1.00175642187,chain,0.0,3,triang,3.0,1.0,0.0,-999.0
0.25,1.0,0.42,1.2323943662,0.0,20,282,-1.24780832218,1.00175642187,chain,0.0,3,triang,3.0,1.0,0.0,-999.0
0.25,1.0,0.43,1.22377622378,0.0,20,283,-1.22848241505,1.01751558238,chain,0.0,3,triang,3.0,1.0,0.0,-999.0
0.25,1.0,0.44,1.21527777778,0.0,21,284,-1.19879445755,1.04271419686,chain,0.0,3,triang,3.0,1.0,0.0,-999.0
0.25,1.0,0.45,1.20689655172,0.0,21,285,-1.17002518723,1.06835306936,chain,0.0,3,triang,3.0,1.0,0.0,-999.0
0.25,1.0,0.46,1.19863013699,0.0,22,286,-1.14214656149,1.09443047167,chain,0.0,3,triang,3.0,1.0,0.0,-999.0
0.25,1.0,0.47,1.19047619048,0.0,22,287,-1.11513065078,1.12094488581,chain,0.0,3,triang,3.0,1.0,0.0,-999.0
0.25,1.0,0.48,1.18243243243,0.0,23,288,-1.08894978068,1.1478949922,chain,0.0,3,triang,3.0,1.0,0.0,-999.0
0.25,1.0,0.49,1.1744966443,0.0,24,289,-1.06357664859,1.17527965817,chain,0.0,3,triang,3.0,1.0,0.0,-999.0
0.25,1.0,0.5,1.16666666667,0.0,24,290,-1.03898441843,1.203097927,chain,0.0,3,triang,3.0,1.0,0.0,-999.0
0.25,1.0,0.51,1.15894039735,0.0,25,291,-1.01514679633,1.23134900737,chain,0.0,3,triang,3.0,1.0,0.0,-999.0
0.25,1.0,0.52,1.15131578947,0.0,25,292,-0.992038090086,1.26003226337,chain,0.0,3,triang,3.0,1.0,0.0,-999.0
0.25,1.0,0.53,1.14379084967,0.0,26,293,-0.969633254524,1.28914720506,chain,0.0,3,triang,3.0,1.0,0.0,-999.0
0.25,1.0,0.54,1.13636363636,0.0,26,294,-0.947907925114,1.31869347948,chain,0.0,3,triang,3.0,1.0,0.0,-999.0
0.25,1.0,0.55,1.12903225806,0.0,27,295,-0.926838441429,1.34867086228,chain,0.0,3,triang,3.0,1.0,0.0,-999.0
0.25,1.0,0.56,1.12179487179,0.0,28,296,-0.906401862134,1.37907924975,chain,0.0,3,triang,3.0,1.0,0.0,-999.0
0.25,1.0,0.57,1.11464968153,0.0,28,297,-0.886575972859,1.40991865138,chain,0.0,3,triang,3.0,1.0,0.0,-999.0
0.25,1.0,0.58,1.10759493671,0.0,29,298,-0.867339288123,1.44118918296,chain,0.0,3,triang,3.0,1.0,0.0,-999.0
0.25,1.0,0.59,1.10062893082,0.0,29,299,-0.84867104836,1.47289105999,chain,0.0,3,triang,3.0,1.0,0.0,-999.0
0.25,1.0,0.6,1.09375,0.0,30,300,-0.8305512129,1.5050245916,chain,0.0,3,triang,3.0,1.0,0.0,-999.0
0.25,1.0,0.61,1.08695652174,0.0,31,301,-0.812960449683,1.53759017488,chain,0.0,3,triang,3.0,1.0,0.0,-999.0
0.25,1.0,0.62,1.08024691358,0.0,31,302,-0.795880122337,1.57058828952,chain,0.0,3,triang,3.0,1.0,0.0,-999.0
0.25,1.0,0.63,1.0736196319,0.0,32,303,-0.779292275178,1.60401949283,chain,0.0,3,triang,3.0,1.0,0.0,-999.0
0.25,1.0,0.64,1.06707317073,0.0,33,304,-0.763179616598,1.63788441517,chain,0.0,3,triang,3.0,1.0,0.0,-999.0
0.25,1.0,0.65,1.06060606061,0.0,33,305,-0.747525501228,1.67218375553,chain,0.0,3,triang,3.0,1.0,0.0,-999.0
0.25,1.0,0.66,1.05421686747,0.0,34,306,-0.732313911233,1.70691827757,chain,0.0,3,triang,3.0,1.0,0.0,-999.0
0.25,1.0,0.67,1.04790419162,0.0,35,307,-0.717529436993,1.74208880578,chain,0.0,3,triang,3.0,1.0,0.0,-999.0
0.25,1.0,0.68,1.04166666667,0.0,36,308,-0.703157257422,1.77769622201,chain,0.0,3,triang,3.0,1.0,0.0,-999.0
0.25,1.0,0.69,1.03550295858,0.0,36,309,-0.689183120119,1.81374146219,chain,0.0,3,triang,3.0,1.0,0.0,-999.0
0.25,1.0,0.7,1.02941176471,0.0,37,310,-0.675593321502,1.85022551321,chain,0.0,3,triang,3.0,1.0,0.0,-999.0
0.25,1.0,0.71,1.02339181287,0.0,38,311,-0.662374687075,1.88714941013,chain,0.0,3,triang,3.0,1.0,0.0,-999.0
0.25,1.0,0.72,1.01744186047,0.0,38,312,-0.649514551922,1.92451423344,chain,0.0,3,triang,3.0,1.0,0.0,-999.0
0.25,1.0,0.73,1.01156069364,0.0,39,313,-0.637000741518,1.9623211066,chain,0.0,3,triang,3.0,1.0,0.0,-999.0
0.25,1.0,0.74,1.00574712644,0.0,40,314,-0.624821552934,2.0005711937,chain,0.0,3,triang,3.0,1.0,0.0,-999.0
0.25,1.0,0.75,1.0,0.0,41,315,-0.612965736483,2.03926569725,chain,0.0,3,triang,3.0,1.0,0.0,-999.0
0.25,1.0,0.76,0.994318181818,0.0,42,316,-0.601422477848,2.07840585618,chain,0.0,3,triang,3.0,1.0,0.0,-999.0
0.25,1.0,0.77,0.988700564972,0.0,42,317,-0.590181380727,2.1179929439,chain,0.0,3,triang,3.0,1.0,0.0,-999.0
0.25,1.0,0.78,0.983146067416,0.0,43,318,-0.579232450015,2.15802826649,chain,0.0,3,triang,3.0,1.0,0.0,-999.0
0.25,1.0,0.79,0.977653631285,0.0,44,319,-0.568566075536,2.19851316106,chain,0.0,3,triang,3.0,1.0,0.0,-999.0
0.25,1.0,0.8,0.972222222222,0.0,45,320,-0.558173016332,2.23944899417,chain,0.0,3,triang,3.0,1.0,0.0,-999.0
0.25,1.0,0.81,0.966850828729,0.0,46,321,-0.548044385517,2.28083716034,chain,0.0,3,triang,3.0,1.0,0.0,-999.0
0.25,1.0,0.82,0.961538461538,0.0,46,322,-0.538171635683,2.32267908065,chain,0.0,3,triang,3.0,1.0,0.0,-999.0
0.25,1.0,0.83,0.956284153005,0.0,47,323,-0.52854654487,2.3649762015,chain,0.0,3,triang,3.0,1.0,0.0,-999.0
0.25,1.0,0.84,0.951086956522,0.0,48,324,-0.51916120307,2.40772999332,chain,0.0,3,triang,3.0,1.0,0.0,-999.0
0.25,1.0,0.85,0.945945945946,0.0,49,325,-0.510007999276,2.45094194949,chain,0.0,3,triang,3.0,1.0,0.0,-999.0
0.25,1.0,0.86,0.940860215054,0.0,50,326,-0.50107960905,2.49461358519,chain,0.0,3,triang,3.0,1.0,0.0,-999.0
0.25,1.0,0.87,0.935828877005,0.0,51,327,-0.4923689826,2.53874643646,chain,0.0,3,triang,3.0,1.0,0.0,-999.0
0.25,1.0,0.88,0.93085106383,0.0,52,328,-0.483869333354,2.58334205918,chain,0.0,3,triang,3.0,1.0,0.0,-999.0
0.25,1.0,0.89,0.925925925926,0.0,53,329,-0.475574127011,2.62840202821,chain,0.0,3,triang,3.0,1.0,0.0,-999.0
0.25,1.0,0.9,0.921052631579,0.0,53,330,-0.467477071062,2.67392793653,chain,0.0,3,triang,3.0,1.0,0.0,-999.0
0.25,1.0,0.91,0.916230366492,0.0,54,331,-0.45957210475,2.71992139444,chain,0.0,3,triang,3.0,1.0,0.0,-999.0
0.25,1.0,0.92,0.911458333333,0.0,55,332,-0.451853389472,2.76638402881,chain,0.0,3,triang,3.0,1.0,0.0,-999.0
0.25,1.0,0.93,0.906735751295,0.0,56,333,-0.444315299583,2.81331748237,chain,0.0,3,triang,3.0,1.0,0.0,-999.0
0.25,1.0,0.94,0.90206185567,0.0,57,334,-0.436952413616,2.860723413,chain,0.0,3,triang,3.0,1.0,0.0,-999.0
0.25,1.0,0.95,0.897435897436,0.0,58,335,-0.42975950587,2.90860349318,chain,0.0,3,triang,3.0,1.0,0.0,-999.0
0.25,1.0,0.96,0.892857142857,0.0,59,336,-0.422731538373,2.9569594093,chain,0.0,3,triang,3.0,1.0,0.0,-999.0
0.25,1.0,0.97,0.888324873096,0.0,60,337,-0.415863653203,3.00579286113,chain,0.0,3,triang,3.0,1.0,0.0,-999.0
0.25,1.0,0.98,0.883838383838,0.0,61,338,-0.40915116513,3.0551055613,chain,0.0,3,triang,3.0,1.0,0.0,-999.0
0.25,1.0,0.99,0.879396984925,0.0,62,339,-0.402589554602,3.10489923474,chain,0.0,3,triang,3.0,1.0,0.0,-999.0
0.25,1.0,1.0,0.875,0.0,63,340,-0.396174461023,3.15517561827,chain,0.0,3,triang,3.0,1.0,0.0,-999.0
0.25,1.0,1.01,0.870646766169,0.0,64,341,-0.389901676335,3.20593646006,chain,0.0,3,triang,3.0,1.0,0.0,-999.0
0.25,1.0,1.02,0.866336633663,0.0,65,342,-0.383767138883,3.25718351925,chain,0.0,3,triang,3.0,1.0,0.0,-999.0
0.25,1.0,1.03,0.862068965517,0.0,66,343,-0.377766927546,3.30891856553,chain,0.0,3,triang,3.0,1.0,0.0,-999.0
0.25,1.0,1.04,0.857843137255,0.0,67,344,-0.371897256127,3.36114337873,chain,0.0,3,triang,3.0,1.0,0.0,-999.0
0.25,1.0,1.05,0.853658536585,0.0,68,345,-0.366154467992,3.41385974847,chain,0.0,3,triang,3.0,1.0,0.0,-999.0
0.25,1.0,1.06,0.849514563107,0.0,69,346,-0.360535030938,3.46706947379,chain,0.0,3,triang,3.0,1.0,0.0,-999.0
0.25,1.0,1.07,0.845410628019,0.0,70,347,-0.355035532296,3.52077436283,chain,0.0,3,triang,3.0,1.0,0.0,-999.0
0.25,1.0,1.08,0.841346153846,0.0,71,348,-0.349652674231,3.57497623248,chain,0.0,3,triang,3.0,1.0,0.0,-999.0
0.25,1.0,1.09,0.837320574163,0.0,73,349,-0.344383269267,3.62967690811,chain,0.0,3,triang,3.0,1.0,0.0,-999.0
0.25,1.0,1.1,0.833333333333,0.0,74,350,-0.339224235988,3.68487822327,chain,0.0,3,triang,3.0,1.0,0.0,-999.0
0.25,1.0,1.11,0.829383886256,0.0,75,351,-0.334172594937,3.7405820194,chain,0.0,3,triang,3.0,1.0,0.0,-999.0
0.25,1.0,1.12,0.825471698113,0.0,76,352,-0.329225464688,3.79679014557,chain,0.0,3,triang,3.0,1.0,0.0,-999.0
0.25,1.0,1.13,0.821596244131,0.0,77,353,-0.324380058085,3.85350445825,chain,0.0,3,triang,3.0,1.0,0.0,-999.0
0.25,1.0,1.14,0.817757009346,0.0,78,354,-0.319633678649,3.91072682104,chain,0.0,3,triang,3.0,1.0,0.0,-999.0
0.25,1.0,1.15,0.813953488372,0.0,79,355,-0.31498371713,3.96845910445,chain,0.0,3,triang,3.0,1.0,0.0,-999.0
0.25,1.0,1.16,0.810185185185,0.0,81,356,-0.310427648215,4.02670318571,chain,0.0,3,triang,3.0,1.0,0.0,-999.0
0.25,1.0,1.17,0.806451612903,0.0,82,357,-0.305963027369,4.0854609485,chain,0.0,3,triang,3.0,1.0,0.0,-999.0
0.25,1.0,1.18,0.802752293578,0.0,83,358,-0.301587487811,4.14473428282,chain,0.0,3,triang,3.0,1.0,0.0,-999.0
0.25,1.0,1.19,0.799086757991,0.0,84,359,-0.297298737623,4.20452508474,chain,0.0,3,triang,3.0,1.0,0.0,-999.0
0.25,1.0,1.2,0.795454545455,0.0,85,360,-0.293094556974,4.26483525626,chain,0.0,3,triang,3.0,1.0,0.0,-999.0
0.25,1.0,1.21,0.79185520362,0.0,87,361,-0.28897279546,4.3256667051,chain,0.0,3,triang,3.0,1.0,0.0,-999.0
0.25,1.0,1.21,1.2443438914,0.0,87,362,-0.28897279546,4.3256667051,chain,0.0,3,triang,3.0,1.0,0.0,-999.0
0.25,1.0,1.22,0.788288288288,0.0,88,363,-0.284931369562,4.38702134454,chain,0.0,3,triang,3.0,1.0,0.0,-999.0
0.25,1.0,1.22,1.23873873874,0.0,88,364,-0.284931369562,4.38702134454,chain,0.0,3,triang,3.0,1.0,0.0,-999.0
0.25,1.0,1.23,0.784753363229,0.0,89,365,-0.280968260203,4.44890109331,chain,0.0,3,triang,3.0,1.0,0.0,-999.0
0.25,1.0,1.23,1.2331838565,0.0,89,366,-0.280968260203,4.44890109331,chain,0.0,3,triang,3.0,1.0,0.0,-999.0
0.25,1.0,1.24,0.78125,0.0,90,367,-0.277081510405,4.51130787533,chain,0.0,3,triang,3.0,1.0,0.0,-999.0
0.25,1.0,1.24,1.22767857143,0.0,90,368,-0.277081510405,4.51130787533,chain,0.0,3,triang,3.0,1.0,0.0,-999.0
0.25,1.0,1.25,0.777777777778,0.0,91,369,-0.273269223052,4.57424361968,chain,0.0,3,triang,3.0,1.0,0.0,-999.0
0.25,1.0,1.25,1.22222222222,0.0,91,370,-0.273269223052,4.57424361968,chain,0.0,3,triang,3.0,1.0,0.0,-999.0
0.25,1.0,1.26,0.774336283186,0.0,93,371,-0.269529558732,4.63771026036,chain,0.0,3,triang,3.0,1.0,0.0,-999.0
0.25,1.0,1.26,1.21681415929,0.0,93,372,-0.269529558732,4.63771026036,chain,0.0,3,triang,3.0,1.0,0.0,-999.0
0.25,1.0,1.27,0.770925110132,0.0,94,373,-0.265860733675,4.70170973622,chain,0.0,3,triang,3.0,1.0,0.0,-999.0
0.25,1.0,1.27,1.21145374449,0.0,94,374,-0.265860733675,4.70170973622,chain,0.0,3,triang,3.0,1.0,0.0,-999.0
0.25,1.0,1.28,0.767543859649,0.0,95,375,-0.262261017777,4.76624399079,chain,0.0,3,triang,3.0,1.0,0.0,-999.0
0.25,1.0,1.28,1.20614035088,0.0,95,376,-0.262261017777,4.76624399079,chain,0.0,3,triang,3.0,1.0,0.0,-999.0
0.25,1.0,1.29,0.764192139738,0.0,97,377,-0.258728732694,4.83131497218,chain,0.0,3,triang,3.0,1.0,0.0,-999.0
0.25,1.0,1.29,1.20087336245,0.0,97,378,-0.258728732694,4.83131497218,chain,0.0,3,triang,3.0,1.0,0.0,-999.0
0.25,1.0,1.3,0.760869565217,0.0,98,379,-0.255262250024,4.89692463294,chain,0.0,3,triang,3.0,1.0,0.0,-999.0
0.25,1.0,1.3,1.19565217391,0.0,98,380,-0.255262250024,4.89692463294,chain,0.0,3,triang,3.0,1.0,0.0,-999.0
0.25,1.0,1.31,0.757575757576,0.0,99,381,-0.251859989552,4.96307492995,chain,0.0,3,triang,3.0,1.0,0.0,-999.0
0.25,1.0,1.31,1.19047619048,0.0,99,382,-0.251859989552,4.96307492995,chain,0.0,3,triang,3.0,1.0,0.0,-999.0
0.25,1.0,1.32,0.754310344828,0.0,101,383,-0.248520417575,5.0297678243,chain,0.0,3,triang,3.0,1.0,0.0,-999.0
0.25,1.0,1.32,1.18534482759,0.0,101,384,-0.248520417575,5.0297678243,chain,0.0,3,triang,3.0,1.0,0.0,-999.0
0.25,1.0,1.33,0.751072961373,0.0,102,385,-0.245242045286,5.09700528122,chain,0.0,3,triang,3.0,1.0,0.0,-999.0
0.25,1.0,1.33,1.18025751073,0.0,102,386,-0.245242045286,5.09700528122,chain,0.0,3,triang,3.0,1.0,0.0,-999.0
0.25,1.0,1.34,1.17521367521,0.0,103,387,-0.242023427225,5.16478926991,chain,0.0,3,triang,3.0,1.0,0.0,-999.0
0.25,1.0,1.35,1.17021276596,0.0,105,388,-0.238863159791,5.2331217635,chain,0.0,3,triang,3.0,1.0,0.0,-999.0
0.25,1.0,1.36,1.16525423729,0.0,106,389,-0.23575987981,5.30200473892,chain,0.0,3,triang,3.0,1.0,0.0,-999.0
0.25,1.0,1.37,1.16033755274,0.0,107,390,-0.232712263164,5.37144017683,chain,0.0,3,triang,3.0,1.0,0.0,-999.0
0.25,1.0,1.38,1.15546218487,0.0,109,391,-0.229719023468,5.44143006151,chain,0.0,3,triang,3.0,1.0,0.0,-999.0
0.25,1.0,1.39,1.15062761506,0.0,110,392,-0.226778910802,5.51197638078,chain,0.0,3,triang,3.0,1.0,0.0,-999.0
0.25,1.0,1.4,1.14583333333,0.0,112,393,-0.223890710489,5.58308112592,chain,0.0,3,triang,3.0,1.0,0.0,-999.0
0.25,1.0,1.41,1.14107883817,0.0,113,394,-0.221053241922,5.65474629158,chain,0.0,3,triang,3.0,1.0,0.0,-999.0
0.25,1.0,1.42,1.13636363636,0.0,115,395,-0.218265357433,5.72697387574,chain,0.0,3,triang,3.0,1.0,0.0,-999.0
0.25,1.0,1.43,1.1316872428,0.0,116,396,-0.215525941211,5.79976587957,chain,0.0,3,triang,3.0,1.0,0.0,-999.0
0.25,1.0,1.44,1.12704918033,0.0,117,397,-0.212833908253,5.87312430741,chain,0.0,3,triang,3.0,1.0,0.0,-999.0
0.25,1.0,1.45,1.12244897959,0.0,119,398,-0.210188203357,5.94705116669,chain,0.0,3,triang,3.0,1.0,0.0,-999.0
0.25,1.0,1.46,1.11788617886,0.0,120,399,-0.207587800161,6.02154846783,chain,0.0,3,triang,3.0,1.0,0.0,-999.0
0.25,1.0,1.47,1.11336032389,0.0,122,400,-0.205031700203,6.09661822423,chain,0.0,3,triang,3.0,1.0,0.0,-999.0
0.25,1.0,1.48,1.10887096774,0.0,123,401,-0.202518932027,6.17226245216,chain,0.0,3,triang,3.0,1.0,0.0,-999.0
0.25,1.0,1.49,1.10441767068,0.0,125,402,-0.20004855032,6.2484831707,chain,0.0,3,triang,3.0,1.0,0.0,-999.0
0.25,1.0,0.01,1.23762376238,1.0,20,403,-1.24780832218,1.00175642187,chain,0.0,3,triang,3.0,1.0,1.0,-999.0
0.25,1.0,0.01,1.23762376238,1.0,20,404,-1.24780832218,1.00175642187,chain,0.0,3,triang,3.0,1.0,1.0,-999.0
0.25,1.0,0.02,1.22549019608,1.0,20,405,-1.24780832218,1.00175642187,chain,0.0,3,triang,3.0,1.0,1.0,-999.0
0.25,1.0,0.03,1.21359223301,1.0,20,406,-1.24780832218,1.00175642187,chain,0.0,3,triang,3.0,1.0,1.0,-999.0
0.25,1.0,0.04,1.20192307692,1.0,20,407,-1.24780832218,1.00175642187,chain,0.0,3,triang,3.0,1.0,1.0,-999.0
0.25,1.0,0.05,1.19047619048,1.0,20,408,-1.24780832218,1.00175642187,chain,0.0,3,triang,3.0,1.0,1.0,-999.0
0.25,1.0,0.06,1.17924528302,1.0,20,409,-1.24780832218,1.00175642187,chain,0.0,3,triang,3.0,1.0,1.0,-999.0
0.25,1.0,0.07,1.16822429907,1.0,20,410,-1.24780832218,1.00175642187,chain,0.0,3,triang,3.0,1.0,1.0,-999.0
0.25,1.0,0.08,1.15740740741,1.0,20,411,-1.24780832218,1.00175642187,chain,0.0,3,triang,3.0,1.0,1.0,-999.0
0.25,1.0,0.09,1.14678899083,1.0,20,412,-1.24780832218,1.00175642187,chain,0.0,3,triang,3.0,1.0,1.0,-999.0
0.25,1.0,0.1,1.13636363636,1.0,20,413,-1.24780832218,1.00175642187,chain,0.0,3,triang,3.0,1.0,1.0,-999.0
0.25,1.0,0.11,1.12612612613,1.0,20,414,-1.24780832218,1.00175642187,chain,0.0,3,triang,3.0,1.0,1.0,-999.0
0.25,1.0,0.12,1.11607142857,1.0,20,415,-1.24780832218,1.00175642187,chain,0.0,3,triang,3.0,1.0,1.0,-999.0
0.25,1.0,0.13,1.10619469027,1.0,20,416,-1.24780832218,1.00175642187,chain,0.0,3,triang,3.0,1.0,1.0,-999.0
0.25,1.0,0.14,1.09649122807,1.0,20,417,-1.24780832218,1.00175642187,chain,0.0,3,triang,3.0,1.0,1.0,-999.0
0.25,1.0,0.15,1.08695652174,1.0,20,418,-1.24780832218,1.00175642187,chain,0.0,3,triang,3.0,1.0,1.0,-999.0
0.25,1.0,0.16,1.0775862069,1.0,20,419,-1.24780832218,1.00175642187,chain,0.0,3,triang,3.0,1.0,1.0,-999.0
0.25,1.0,0.17,1.06837606838,1.0,20,420,-1.24780832218,1.00175642187,chain,0.0,3,triang,3.0,1.0,1.0,-999.0
0.25,1.0,0.18,1.0593220339,1.0,20,421,-1.24780832218,1.00175642187,chain,0.0,3,triang,3.0,1.0,1.0,-999.0
0.25,1.0,0.19,1.05042016807,1.0,20,422,-1.24780832218,1.00175642187,chain,0.0,3,triang,3.0,1.0,1.0,-999.0
0.25,1.0,0.2,1.04166666667,1.0,20,423,-1.24780832218,1.00175642187,chain,0.0,3,triang,3.0,1.0,1.0,-999.0
0.25,1.0,0.21,1.03305785124,1.0,20,424,-1.24780832218,1.00175642187,chain,0.0,3,triang,3.0,1.0,1.0,-999.0
0.25,1.0,0.22,1.02459016393,1.0,20,425,-1.24780832218,1.00175642187,chain,0.0,3,triang,3.0,1.0,1.0,-999.0
0.25,1.0,0.23,1.0162601626,1.0,20,426,-1.24780832218,1.00175642187,chain,0.0,3,triang,3.0,1.0,1.0,-999.0
0.25,1.0,0.24,1.00806451613,1.0,20,427,-1.24780832218,1.00175642187,chain,0.0,3,triang,3.0,1.0,1.0,-999.0
0.25,1.0,0.25,1.0,1.0,20,428,-1.24780832218,1.00175642187,chain,0.0,3,triang,3.0,1.0,1.0,-999.0
0.25,1.0,0.26,0.992063492063,1.0,20,429,-1.24780832218,1.00175642187,chain,0.0,3,triang,3.0,1.0,1.0,-999.0
0.25,1.0,0.27,0.984251968504,1.0,20,430,-1.24780832218,1.00175642187,chain,0.0,3,triang,3.0,1.0,1.0,-999.0
0.25,1.0,0.28,0.9765625,1.0,20,431,-1.24780832218,1.00175642187,chain,0.0,3,triang,3.0,1.0,1.0,-999.0
0.25,1.0,0.29,0.968992248062,1.0,20,432,-1.24780832218,1.00175642187,chain,0.0,3,triang,3.0,1.0,1.0,-999.0
0.25,1.0,0.3,0.961538461538,1.0,20,433,-1.24780832218,1.00175642187,chain,0.0,3,triang,3.0,1.0,1.0,-999.0
0.25,1.0,0.31,0.954198473282,1.0,20,434,-1.24780832218,1.00175642187,chain,0.0,3,triang,3.0,1.0,1.0,-999.0
0.25,1.0,0.32,0.94696969697,1.0,20,435,-1.24780832218,1.00175642187,chain,0.0,3,triang,3.0,1.0,1.0,-999.0
0.25,1.0,0.33,0.93984962406,1.0,20,436,-1.24780832218,1.00175642187,chain,0.0,3,triang,3.0,1.0,1.0,-999.0
0.25,1.0,0.34,0.932835820896,1.0,20,437,-1.24780832218,1.00175642187,chain,0.0,3,triang,3.0,1.0,1.0,-999.0
0.25,1.0,0.35,0.925925925926,1.0,20,438,-1.24780832218,1.00175642187,chain,0.0,3,triang,3.0,1.0,1.0,-999.0
0.25,1.0,0.36,0.919117647059,1.0,20,439,-1.24780832218,1.00175642187,chain,0.0,3,triang,3.0,1.0,1.0,-999.0
0.25,1.0,0.37,0.912408759124,1.0,20,440,-1.24780832218,1.00175642187,chain,0.0,3,triang,3.0,1.0,1.0,-999.0
0.25,1.0,0.38,0.905797101449,1.0,20,441,-1.24780832218,1.00175642187,chain,0.0,3,triang,3.0,1.0,1.0,-999.0
0.25,1.0,0.39,0.89928057554,1.0,20,442,-1.24780832218,1.00175642187,chain,0.0,3,triang,3.0,1.0,1.0,-999.0
0.25,1.0,0.4,0.892857142857,1.0,20,443,-1.24780832218,1.00175642187,chain,0.0,3,triang,3.0,1.0,1.0,-999.0
0.25,1.0,0.41,0.886524822695,1.0,20,444,-1.24780832218,1.00175642187,chain,0.0,3,triang,3.0,1.0,1.0,-999.0
0.25,1.0,0.42,0.880281690141,1.0,20,445,-1.24780832218,1.00175642187,chain,0.0,3,triang,3.0,1.0,1.0,-999.0
0.25,1.0,0.43,0.874125874126,1.0,20,446,-1.22848241505,1.01751558238,chain,0.0,3,triang,3.0,1.0,1.0,-999.0
0.25,1.0,0.44,0.868055555556,1.0,21,447,-1.19879445755,1.04271419686,chain,0.0,3,triang,3.0,1.0,1.0,-999.0
0.25,1.0,0.45,0.862068965517,1.0,21,448,-1.17002518723,1.06835306936,chain,0.0,3,triang,3.0,1.0,1.0,-999.0
0.25,1.0,0.46,0.856164383562,1.0,22,449,-1.14214656149,1.09443047167,chain,0.0,3,triang,3.0,1.0,1.0,-999.0
0.25,1.0,0.47,0.850340136054,1.0,22,450,-1.11513065078,1.12094488581,chain,0.0,3,triang,3.0,1.0,1.0,-999.0
0.25,1.0,0.48,0.844594594595,1.0,23,451,-1.08894978068,1.1478949922,chain,0.0,3,triang,3.0,1.0,1.0,-999.0
0.25,1.0,0.49,0.838926174497,1.0,24,452,-1.06357664859,1.17527965817,chain,0.0,3,triang,3.0,1.0,1.0,-999.0
0.25,1.0,0.5,0.833333333333,1.0,24,453,-1.03898441843,1.203097927,chain,0.0,3,triang,3.0,1.0,1.0,-999.0
0.25,1.0,0.51,0.827814569536,1.0,25,454,-1.01514679633,1.23134900737,chain,0.0,3,triang,3.0,1.0,1.0,-999.0
0.25,1.0,0.52,0.822368421053,1.0,25,455,-0.992038090086,1.26003226337,chain,0.0,3,triang,3.0,1.0,1.0,-999.0
0.25,1.0,0.53,0.816993464052,1.0,26,456,-0.969633254524,1.28914720506,chain,0.0,3,triang,3.0,1.0,1.0,-999.0
0.25,1.0,0.54,0.811688311688,1.0,26,457,-0.947907925114,1.31869347948,chain,0.0,3,triang,3.0,1.0,1.0,-999.0
0.25,1.0,0.55,0.806451612903,1.0,27,458,-0.926838441429,1.34867086228,chain,0.0,3,triang,3.0,1.0,1.0,-999.0
0.25,1.0,0.56,0.801282051282,1.0,28,459,-0.906401862134,1.37907924975,chain,0.0,3,triang,3.0,1.0,1.0,-999.0
0.25,1.0,0.57,0.796178343949,1.0,28,460,-0.886575972859,1.40991865138,chain,0.0,3,triang,3.0,1.0,1.0,-999.0
0.25,1.0,0.58,0.791139240506,1.0,29,461,-0.867339288123,1.44118918296,chain,0.0,3,triang,3.0,1.0,1.0,-999.0
0.25,1.0,0.59,0.786163522013,1.0,29,462,-0.84867104836,1.47289105999,chain,0.0,3,triang,3.0,1.0,1.0,-999.0
0.25,1.0,0.6,0.78125,1.0,30,463,-0.8305512129,1.5050245916,chain,0.0,3,triang,3.0,1.0,1.0,-999.0
0.25,1.0,0.61,0.776397515528,1.0,31,464,-0.812960449683,1.53759017488,chain,0.0,3,triang,3.0,1.0,1.0,-999.0
0.25,1.0,0.62,0.771604938272,1.0,31,465,-0.795880122337,1.57058828952,chain,0.0,3,triang,3.0,1.0,1.0,-999.0
0.25,1.0,0.63,0.766871165644,1.0,32,466,-0.779292275178,1.60401949283,chain,0.0,3,triang,3.0,1.0,1.0,-999.0
0.25,1.0,0.64,0.762195121951,1.0,33,467,-0.763179616598,1.63788441517,chain,0.0,3,triang,3.0,1.0,1.0,-999.0
0.25,1.0,0.65,0.757575757576,1.0,33,468,-0.747525501228,1.67218375553,chain,0.0,3,triang,3.0,1.0,1.0,-999.0
0.25,1.0,0.66,0.753012048193,1.0,34,469,-0.732313911233,1.70691827757,chain,0.0,3,triang,3.0,1.0,1.0,-999.0
0.25,1.0,0.81,1.24309392265,1.0,46,470,-0.548044385517,2.28083716034,chain,0.0,3,triang,3.0,1.0,1.0,-999.0
0.25,1.0,0.82,1.23626373626,1.0,46,471,-0.538171635683,2.32267908065,chain,0.0,3,triang,3.0,1.0,1.0,-999.0
0.25,1.0,0.83,1.22950819672,1.0,47,472,-0.52854654487,2.3649762015,chain,0.0,3,triang,3.0,1.0,1.0,-999.0
0.25,1.0,0.84,1.22282608696,1.0,48,473,-0.51916120307,2.40772999332,chain,0.0,3,triang,3.0,1.0,1.0,-999.0
0.25,1.0,0.85,1.21621621622,1.0,49,474,-0.510007999276,2.45094194949,chain,0.0,3,triang,3.0,1.0,1.0,-999.0
0.25,1.0,0.86,1.20967741935,1.0,50,475,-0.50107960905,2.49461358519,chain,0.0,3,triang,3.0,1.0,1.0,-999.0
0.25,1.0,0.87,1.20320855615,1.0,51,476,-0.4923689826,2.53874643646,chain,0.0,3,triang,3.0,1.0,1.0,-999.0
0.25,1.0,0.88,1.19680851064,1.0,52,477,-0.483869333354,2.58334205918,chain,0.0,3,triang,3.0,1.0,1.0,-999.0
0.25,1.0,0.89,1.19047619048,1.0,53,478,-0.475574127011,2.62840202821,chain,0.0,3,triang,3.0,1.0,1.0,-999.0
0.25,1.0,0.9,1.18421052632,1.0,53,479,-0.467477071062,2.67392793653,chain,0.0,3,triang,3.0,1.0,1.0,-999.0
0.25,1.0,0.91,1.1780104712,1.0,54,480,-0.45957210475,2.71992139444,chain,0.0,3,triang,3.0,1.0,1.0,-999.0
0.25,1.0,0.92,1.171875,1.0,55,481,-0.451853389472,2.76638402881,chain,0.0,3,triang,3.0,1.0,1.0,-999.0
0.25,1.0,0.93,1.16580310881,1.0,56,482,-0.444315299583,2.81331748237,chain,0.0,3,triang,3.0,1.0,1.0,-999.0
0.25,1.0,0.94,1.15979381443,1.0,57,483,-0.436952413616,2.860723413,chain,0.0,3,triang,3.0,1.0,1.0,-999.0
0.25,1.0,0.95,1.15384615385,1.0,58,484,-0.42975950587,2.90860349318,chain,0.0,3,triang,3.0,1.0,1.0,-999.0
0.25,1.0,0.96,1.14795918367,1.0,59,485,-0.422731538373,2.9569594093,chain,0.0,3,triang,3.0,1.0,1.0,-999.0
0.25,1.0,0.97,1.1421319797,1.0,60,486,-0.415863653203,3.00579286113,chain,0.0,3,triang,3.0,1.0,1.0,-999.0
0.25,1.0,0.98,1.13636363636,1.0,61,487,-0.40915116513,3.0551055613,chain,0.0,3,triang,3.0,1.0,1.0,-999.0
0.25,1.0,0.99,1.13065326633,1.0,62,488,-0.402589554602,3.10489923474,chain,0.0,3,triang,3.0,1.0,1.0,-999.0
0.25,1.0,1.0,1.125,1.0,63,489,-0.396174461023,3.15517561827,chain,0.0,3,triang,3.0,1.0,1.0,-999.0
0.25,1.0,1.01,1.11940298507,1.0,64,490,-0.389901676335,3.20593646006,chain,0.0,3,triang,3.0,1.0,1.0,-999.0
0.25,1.0,1.02,1.11386138614,1.0,65,491,-0.383767138883,3.25718351925,chain,0.0,3,triang,3.0,1.0,1.0,-999.0
0.25,1.0,1.03,1.10837438424,1.0,66,492,-0.377766927546,3.30891856553,chain,0.0,3,triang,3.0,1.0,1.0,-999.0
0.25,1.0,1.04,1.10294117647,1.0,67,493,-0.371897256127,3.36114337873,chain,0.0,3,triang,3.0,1.0,1.0,-999.0
0.25,1.0,1.05,1.09756097561,1.0,68,494,-0.366154467992,3.41385974847,chain,0.0,3,triang,3.0,1.0,1.0,-999.0
0.25,1.0,1.06,1.09223300971,1.0,69,495,-0.360535030938,3.46706947379,chain,0.0,3,triang,3.0,1.0,1.0,-999.0
0.25,1.0,1.07,1.08695652174,1.0,70,496,-0.355035532296,3.52077436283,chain,0.0,3,triang,3.0,1.0,1.0,-999.0
0.25,1.0,1.08,1.08173076923,1.0,71,497,-0.349652674231,3.57497623248,chain,0.0,3,triang,3.0,1.0,1.0,-999.0
0.25,1.0,1.09,1.07655502392,1.0,73,498,-0.344383269267,3.62967690811,chain,0.0,3,triang,3.0,1.0,1.0,-999.0
0.25,1.0,1.1,1.07142857143,1.0,74,499,-0.339224235988,3.68487822327,chain,0.0,3,triang,3.0,1.0,1.0,-999.0
0.25,1.0,1.11,1.0663507109,1.0,75,500,-0.334172594937,3.7405820194,chain,0.0,3,triang,3.0,1.0,1.0,-999.0
0.25,1.0,1.12,1.06132075472,1.0,76,501,-0.329225464688,3.79679014557,chain,0.0,3,triang,3.0,1.0,1.0,-999.0
0.25,1.0,1.13,1.05633802817,1.0,77,502,-0.324380058085,3.85350445825,chain,0.0,3,triang,3.0,1.0,1.0,-999.0
0.25,1.0,1.14,1.05140186916,1.0,78,503,-0.319633678649,3.91072682104,chain,0.0,3,triang,3.0,1.0,1.0,-999.0
0.25,1.0,1.15,1.04651162791,1.0,79,504,-0.31498371713,3.96845910445,chain,0.0,3,triang,3.0,1.0,1.0,-999.0
0.25,1.0,1.16,1.04166666667,1.0,81,505,-0.310427648215,4.02670318571,chain,0.0,3,triang,3.0,1.0,1.0,-999.0
0.25,1.0,1.17,1.03686635945,1.0,82,506,-0.305963027369,4.0854609485,chain,0.0,3,triang,3.0,1.0,1.0,-999.0
0.25,1.0,1.18,1.03211009174,1.0,83,507,-0.301587487811,4.14473428282,chain,0.0,3,triang,3.0,1.0,1.0,-999.0
0.25,1.0,1.19,1.02739726027,1.0,84,508,-0.297298737623,4.20452508474,chain,0.0,3,triang,3.0,1.0,1.0,-999.0
0.25,1.0,1.2,1.02272727273,1.0,85,509,-0.293094556974,4.26483525626,chain,0.0,3,triang,3.0,1.0,1.0,-999.0
0.25,1.0,1.21,1.01809954751,1.0,87,510,-0.28897279546,4.3256667051,chain,0.0,3,triang,3.0,1.0,1.0,-999.0
0.25,1.0,1.22,1.01351351351,1.0,88,511,-0.284931369562,4.38702134454,chain,0.0,3,triang,3.0,1.0,1.0,-999.0
0.25,1.0,1.23,1.00896860987,1.0,89,512,-0.280968260203,4.44890109331,chain,0.0,3,triang,3.0,1.0,1.0,-999.0
0.25,1.0,1.24,1.00446428571,1.0,90,513,-0.277081510405,4.51130787533,chain,0.0,3,triang,3.0,1.0,1.0,-999.0
0.25,1.0,1.25,1.0,1.0,91,514,-0.273269223052,4.57424361968,chain,0.0,3,triang,3.0,1.0,1.0,-999.0
0.25,1.0,1.26,0.995575221239,1.0,93,515,-0.269529558732,4.63771026036,chain,0.0,3,triang,3.0,1.0,1.0,-999.0
0.25,1.0,1.27,0.991189427313,1.0,94,516,-0.265860733675,4.70170973622,chain,0.0,3,triang,3.0,1.0,1.0,-999.0
0.25,1.0,1.28,0.986842105263,1.0,95,517,-0.262261017777,4.76624399079,chain,0.0,3,triang,3.0,1.0,1.0,-999.0
0.25,1.0,1.29,0.982532751092,1.0,97,518,-0.258728732694,4.83131497218,chain,0.0,3,triang,3.0,1.0,1.0,-999.0
0.25,1.0,1.3,0.978260869565,1.0,98,519,-0.255262250024,4.89692463294,chain,0.0,3,triang,3.0,1.0,1.0,-999.0
0.25,1.0,1.31,0.974025974026,1.0,99,520,-0.251859989552,4.96307492995,chain,0.0,3,triang,3.0,1.0,1.0,-999.0
0.25,1.0,1.32,0.969827586207,1.0,101,521,-0.248520417575,5.0297678243,chain,0.0,3,triang,3.0,1.0,1.0,-999.0
0.25,1.0,1.33,0.965665236052,1.0,102,522,-0.245242045286,5.09700528122,chain,0.0,3,triang,3.0,1.0,1.0,-999.0
0.25,1.0,1.34,0.961538461538,1.0,103,523,-0.242023427225,5.16478926991,chain,0.0,3,triang,3.0,1.0,1.0,-999.0
0.25,1.0,1.35,0.957446808511,1.0,105,524,-0.238863159791,5.2331217635,chain,0.0,3,triang,3.0,1.0,1.0,-999.0
0.25,1.0,1.36,0.953389830508,1.0,106,525,-0.23575987981,5.30200473892,chain,0.0,3,triang,3.0,1.0,1.0,-999.0
0.25,1.0,1.37,0.949367088608,1.0,107,526,-0.232712263164,5.37144017683,chain,0.0,3,triang,3.0,1.0,1.0,-999.0
0.25,1.0,1.38,0.945378151261,1.0,109,527,-0.229719023468,5.44143006151,chain,0.0,3,triang,3.0,1.0,1.0,-999.0
0.25,1.0,1.39,0.941422594142,1.0,110,528,-0.226778910802,5.51197638078,chain,0.0,3,triang,3.0,1.0,1.0,-999.0
0.25,1.0,1.4,0.9375,1.0,112,529,-0.223890710489,5.58308112592,chain,0.0,3,triang,3.0,1.0,1.0,-999.0
0.25,1.0,1.41,0.933609958506,1.0,113,530,-0.221053241922,5.65474629158,chain,0.0,3,triang,3.0,1.0,1.0,-999.0
0.25,1.0,1.42,0.929752066116,1.0,115,531,-0.218265357433,5.72697387574,chain,0.0,3,triang,3.0,1.0,1.0,-999.0
0.25,1.0,1.43,0.925925925926,1.0,116,532,-0.215525941211,5.79976587957,chain,0.0,3,triang,3.0,1.0,1.0,-999.0
0.25,1.0,1.44,0.922131147541,1.0,117,533,-0.212833908253,5.87312430741,chain,0.0,3,triang,3.0,1.0,1.0,-999.0
0.25,1.0,1.45,0.918367346939,1.0,119,534,-0.210188203357,5.94705116669,chain,0.0,3,triang,3.0,1.0,1.0,-999.0
0.25,1.0,1.46,0.914634146341,1.0,120,535,-0.207587800161,6.02154846783,chain,0.0,3,triang,3.0,1.0,1.0,-999.0
0.25,1.0,1.47,0.910931174089,1.0,122,536,-0.205031700203,6.09661822423,chain,0.0,3,triang,3.0,1.0,1.0,-999.0
0.25,1.0,1.48,0.907258064516,1.0,123,537,-0.202518932027,6.17226245216,chain,0.0,3,triang,3.0,1.0,1.0,-999.0
0.25,1.0,1.49,0.903614457831,1.0,125,538,-0.20004855032,6.2484831707,chain,0.0,3,triang,3.0,1.0,1.0,-999.0
