for N>3 oscillators in a 1D ring topology,,,,,,,,,,,,,,,,
coupling strength K  [Hz],filter_cutoff f_c  [Hz],delay [s],Omega [Hz],m-twist-state,Tsim ~= - 25 / Re(lambda),paramSet id,Re(\lambda),Zeitproxy 1. simulation [sek],topology,diff. const. c,# oscis,coupling function,Nx ,Ny,mx,my
K,Fc,delay,Fomeg,m,Tsim,id,ReLambda,SimSeconds,topology,c,N,couplingfct,Nx,Ny,mx,my
0.1,1,0.5,1.0833333333,0,1105,10004,-0.0226296858,44,square-periodic,0,144,triang,12,12,0,0
0.2,1,0.5,1.1428571429,0,639,10005,-0.0390979998,25,square-periodic,0,144,triang,12,12,0,0
0.3,1,0.5,1.1875,0,485,10006,-0.0515657181,19,square-periodic,0,144,triang,12,12,0,0
0.4,1,0.5,1.2222222222,0,408,10007,-0.0613082139,16,square-periodic,0,144,triang,12,12,0,0
0.5,1,0.5,1.25,0,362,10008,-0.0691188677,14,square-periodic,0,144,triang,12,12,0,0
0.6,1,0.5,1.2727272727,0,331,10009,-0.0755140266,13,square-periodic,0,144,triang,12,12,0,0
0.7,1,0.5,1.2916666667,0,309,10010,-0.0808429001,12,square-periodic,0,144,triang,12,12,0,0
0.8,1,0.5,1.3076923077,0,293,10011,-0.0853495163,11,square-periodic,0,144,triang,12,12,0,0
0.9,1,0.5,1.3214285714,0,280,10012,-0.0892092493,11,square-periodic,0,144,triang,12,12,0,0
1,1,0.5,0,0,428,10013,-0.0583493152,17,square-periodic,0,144,triang,12,12,0,0
1,1,0.5,1.3333333333,0,428,10014,-0.0583493152,17,square-periodic,0,144,triang,12,12,0,0
1.1,1,0.5,1.34375,0,8971,10015,-0.0027866663,358,square-periodic,0,144,triang,12,12,0,0
0.5,0.1,0.5,1.25,0,1029,10016,-0.0242985227,41,square-periodic,0,144,triang,12,12,0,0
0.5,0.3,0.5,1.25,0,357,10017,-0.0700564735,14,square-periodic,0,144,triang,12,12,0,0
0.5,0.5,0.5,1.25,0,360,10018,-0.0695145147,14,square-periodic,0,144,triang,12,12,0,0
0.5,0.7,0.5,1.25,0,361,10019,-0.0692873258,14,square-periodic,0,144,triang,12,12,0,0
0.5,0.9,0.5,1.25,0,361,10020,-0.0691623849,14,square-periodic,0,144,triang,12,12,0,0
0.5,1.1,0.5,1.25,0,362,10021,-0.069083344,14,square-periodic,0,144,triang,12,12,0,0
0.5,1.3,0.5,1.25,0,362,10022,-0.0690288341,14,square-periodic,0,144,triang,12,12,0,0
0.5,1.5,0.5,1.25,0,362,10023,-0.0689889691,14,square-periodic,0,144,triang,12,12,0,0
0.5,1.7,0.5,1.25,0,363,10024,-0.068958546,14,square-periodic,0,144,triang,12,12,0,0
0.5,1.9,0.5,1.25,0,363,10025,-0.0689345655,14,square-periodic,0,144,triang,12,12,0,0
0.5,1,0.35,1.4705882353,0,308,10026,-0.0812186817,12,square-periodic,0,144,triang,12,12,0,0
0.5,1,0.4,1.3888888889,0,326,10027,-0.0767423822,13,square-periodic,0,144,triang,12,12,0,0
0.5,1,0.45,1.3157894737,0,344,10028,-0.0727320951,13,square-periodic,0,144,triang,12,12,0,0
0.5,1,0.5,1.25,0,362,10029,-0.0691188677,14,square-periodic,0,144,triang,12,12,0,0
0.5,1,0.55,1.1904761905,0,380,10030,-0.0658466735,15,square-periodic,0,144,triang,12,12,0,0
0.5,1,0.6,1.1363636364,0,398,10031,-0.0628695266,15,square-periodic,0,144,triang,12,12,0,0
0.5,1,0.65,1.0869565217,0,416,10032,-0.0601493342,16,square-periodic,0,144,triang,12,12,0,0
0.5,1,0.7,1.0416666667,0,434,10033,-0.0576542764,17,square-periodic,0,144,triang,12,12,0,0
0.5,1,0.75,1,0,452,10034,-0.0553575686,18,square-periodic,0,144,triang,12,12,0,0
0.5,1,0.8,0.9615384615,0,470,10035,-0.0532365052,18,square-periodic,0,144,triang,12,12,0,0
0.5,1,0.85,0.9259259259,0,488,10036,-0.0512717131,19,square-periodic,0,144,triang,12,12,0,0
0.5,1,0.9,0.8928571429,0,506,10037,-0.0494465625,20,square-periodic,0,144,triang,12,12,0,0
0.5,1,0.95,0.8620689655,0,524,10038,-0.0477466991,20,square-periodic,0,144,triang,12,12,0,0
0.5,1,1,0.8333333333,0,542,10039,-0.0461596681,21,square-periodic,0,144,triang,12,12,0,0
0.5,1,1.05,0.8064516129,0,560,10040,-0.0446746103,22,square-periodic,0,144,triang,12,12,0,0
0.5,1,1.05,1.4516129032,0,560,10041,-0.0446746103,22,square-periodic,0,144,triang,12,12,0,0
0.5,1,1.1,0.78125,0,578,10042,-0.0432820152,23,square-periodic,0,144,triang,12,12,0,0
0.5,1,1.1,1.40625,0,578,10043,-0.0432820152,23,square-periodic,0,144,triang,12,12,0,0
0.5,1,1.15,0.7575757576,0,596,10044,-0.0419735179,23,square-periodic,0,144,triang,12,12,0,0
0.5,1,1.15,1.3636363636,0,596,10045,-0.0419735179,23,square-periodic,0,144,triang,12,12,0,0
0.5,1,1.2,0.7352941176,0,614,10046,-0.0407417317,24,square-periodic,0,144,triang,12,12,0,0
0.5,1,1.2,1.3235294118,0,614,10047,-0.0407417317,24,square-periodic,0,144,triang,12,12,0,0
0.5,1,1.25,0.7142857143,0,632,10048,-0.0395801099,25,square-periodic,0,144,triang,12,12,0,0
0.5,1,1.25,1.2857142857,0,632,10049,-0.0395801099,25,square-periodic,0,144,triang,12,12,0,0
0.5,1,1.3,0.6944444444,0,650,10050,-0.038482829,25,square-periodic,0,144,triang,12,12,0,0
0.5,1,1.3,1.25,0,650,10051,-0.038482829,25,square-periodic,0,144,triang,12,12,0,0
,,,,,,,,,,,,,,,,
0.1,1,0.5,1.0833333333,0,3854,10053,-0.0064867976,154,square-open,0,144,triang,12,12,0,0
0.2,1,0.5,1.1428571429,0,2243,10054,-0.0111448118,89,square-open,0,144,triang,12,12,0,0
0.3,1,0.5,1.1875,0,1707,10055,-0.0146475056,68,square-open,0,144,triang,12,12,0,0
0.4,1,0.5,1.2222222222,0,1439,10056,-0.017375354,57,square-open,0,144,triang,12,12,0,0
0.5,1,0.5,1.25,0,1278,10057,-0.0195589186,51,square-open,0,144,triang,12,12,0,0
0.6,1,0.5,1.2727272727,0,1171,10058,-0.0213458257,46,square-open,0,144,triang,12,12,0,0
0.7,1,0.5,1.2916666667,0,1095,10059,-0.0228348802,43,square-open,0,144,triang,12,12,0,0
0.8,1,0.5,1.3076923077,0,1038,10060,-0.0240946603,41,square-open,0,144,triang,12,12,0,0
0.9,1,0.5,1.3214285714,0,993,10061,-0.0251742329,39,square-open,0,144,triang,12,12,0,0
1,1,0.5,0,0,958,10062,-0.0261096195,38,square-open,0,144,triang,12,12,0,0
1,1,0.5,1.3333333333,0,958,10063,-0.0261096195,38,square-open,0,144,triang,12,12,0,0
1.1,1,0.5,1.34375,0,8971,10064,-0.0027866663,358,square-open,0,144,triang,12,12,0,0
0.5,0.1,0.5,1.25,0,1260,10065,-0.0198431899,50,square-open,0,144,triang,12,12,0,0
0.5,0.3,0.5,1.25,0,1273,10066,-0.0196310519,50,square-open,0,144,triang,12,12,0,0
0.5,0.5,0.5,1.25,0,1276,10067,-0.0195897028,51,square-open,0,144,triang,12,12,0,0
0.5,0.7,0.5,1.25,0,1277,10068,-0.0195720881,51,square-open,0,144,triang,12,12,0,0
0.5,0.9,0.5,1.25,0,1278,10069,-0.0195623295,51,square-open,0,144,triang,12,12,0,0
0.5,1.1,0.5,1.25,0,1278,10070,-0.0195561296,51,square-open,0,144,triang,12,12,0,0
0.5,1.3,0.5,1.25,0,1279,10071,-0.019551842,51,square-open,0,144,triang,12,12,0,0
0.5,1.5,0.5,1.25,0,1279,10072,-0.0195487001,51,square-open,0,144,triang,12,12,0,0
0.5,1.7,0.5,1.25,0,1279,10073,-0.0195462988,51,square-open,0,144,triang,12,12,0,0
0.5,1.9,0.5,1.25,0,1279,10074,-0.0195444039,51,square-open,0,144,triang,12,12,0,0
0.5,1,0.35,1.4705882353,0,1087,10075,-0.0230026498,43,square-open,0,144,triang,12,12,0,0
0.5,1,0.4,1.3888888889,0,1151,10076,-0.0217276072,46,square-open,0,144,triang,12,12,0,0
0.5,1,0.45,1.3157894737,0,1214,10077,-0.0205863608,48,square-open,0,144,triang,12,12,0,0
0.5,1,0.5,1.25,0,1278,10078,-0.0195589186,51,square-open,0,144,triang,12,12,0,0
0.5,1,0.55,1.1904761905,0,1342,10079,-0.0186290794,53,square-open,0,144,triang,12,12,0,0
0.5,1,0.6,1.1363636364,0,1406,10080,-0.0177835758,56,square-open,0,144,triang,12,12,0,0
0.5,1,0.65,1.0869565217,0,1470,10081,-0.0170114391,58,square-open,0,144,triang,12,12,0,0
0.5,1,0.7,1.0416666667,0,1533,10082,-0.0163035228,61,square-open,0,144,triang,12,12,0,0
0.5,1,0.75,1,0,1597,10083,-0.015652139,63,square-open,0,144,triang,12,12,0,0
0.5,1,0.8,0.9615384615,0,1661,10084,-0.0150507794,66,square-open,0,144,triang,12,12,0,0
0.5,1,0.85,0.9259259259,0,1725,10085,-0.0144938972,68,square-open,0,144,triang,12,12,0,0
0.5,1,0.9,0.8928571429,0,1789,10086,-0.0139767361,71,square-open,0,144,triang,12,12,0,0
0.5,1,0.95,0.8620689655,0,1853,10087,-0.0134951945,74,square-open,0,144,triang,12,12,0,0
0.5,1,1,0.8333333333,0,1916,10088,-0.0130457162,76,square-open,0,144,triang,12,12,0,0
0.5,1,1.05,0.8064516129,0,1980,10089,-0.0126252032,79,square-open,0,144,triang,12,12,0,0
0.5,1,1.05,1.4516129032,0,1980,10090,-0.0126252032,79,square-open,0,144,triang,12,12,0,0
0.5,1,1.1,0.78125,0,2044,10091,-0.0122309441,81,square-open,0,144,triang,12,12,0,0
0.5,1,1.1,1.40625,0,2044,10092,-0.0122309441,81,square-open,0,144,triang,12,12,0,0
0.5,1,1.15,0.7575757576,0,2108,10093,-0.0118605552,84,square-open,0,144,triang,12,12,0,0
0.5,1,1.15,1.3636363636,0,2108,10094,-0.0118605552,84,square-open,0,144,triang,12,12,0,0
0.5,1,1.2,0.7352941176,0,2172,10095,-0.0115119332,86,square-open,0,144,triang,12,12,0,0
0.5,1,1.2,1.3235294118,0,2172,10096,-0.0115119332,86,square-open,0,144,triang,12,12,0,0
0.5,1,1.25,0.7142857143,0,2235,10097,-0.0111832146,89,square-open,0,144,triang,12,12,0,0
0.5,1,1.25,1.2857142857,0,2235,10098,-0.0111832146,89,square-open,0,144,triang,12,12,0,0
0.5,1,1.3,0.6944444444,0,2299,10099,-0.0108727427,91,square-open,0,144,triang,12,12,0,0
0.5,1,1.3,1.25,0,2299,10100,-0.0108727427,91,square-open,0,144,triang,12,12,0,0
0.1,1,0.5,1.0833333333,0,305,10101,-0.0818483962,12,ring,0,9,triang,9,1,0,-999
0.2,1,0.5,1.1428571429,0,173,10102,-0.1445557311,6,ring,0,9,triang,9,1,0,-999
0.3,1,0.5,1.1875,0,129,10103,-0.1933778249,5,ring,0,9,triang,9,1,0,-999
0.4,1,0.5,1.2222222222,0,108,10104,-0.2320884308,4,ring,0,9,triang,9,1,0,-999
0.5,1,0.5,1.25,0,95,10105,-0.2633369459,3,ring,0,9,triang,9,1,0,-999
0.6,1,0.5,1.2727272727,0,87,10106,-0.2889841407,3,ring,0,9,triang,9,1,0,-999
0.7,1,0.5,1.2916666667,0,81,10107,-0.3103513532,3,ring,0,9,triang,9,1,0,-999
0.8,1,0.5,1.3076923077,0,94,10108,-0.2654544136,3,ring,0,9,triang,9,1,0,-999
0.9,1,0.5,1.3214285714,0,130,10109,-0.191635282,5,ring,0,9,triang,9,1,0,-999
1,1,0.5,0,0,194,10110,-0.1286040551,7,ring,0,9,triang,9,1,0,-999
1,1,0.5,1.3333333333,0,194,10111,-0.1286040551,7,ring,0,9,triang,9,1,0,-999
1.1,1,0.5,1.34375,0,336,10112,-0.0743479558,13,ring,0,9,triang,9,1,0,-999
1.2,1,0.5,1.3529411765,0,914,10113,-0.02735452,36,ring,0,9,triang,9,1,0,-999
0.1,0.1,0.5,1.0833333333,0,305,10114,-0.0818483962,12,ring,0,9,triang,9,1,0,-999
0.2,0.1,0.5,1.1428571429,0,173,10115,-0.1445557311,6,ring,0,9,triang,9,1,0,-999
0.3,0.1,0.5,1.1875,0,129,10116,-0.1933778249,5,ring,0,9,triang,9,1,0,-999
0.4,0.1,0.5,1.2222222222,0,108,10117,-0.2320884308,4,ring,0,9,triang,9,1,0,-999
0.5,0.1,0.5,1.25,0,95,10118,-0.2633369459,3,ring,0,9,triang,9,1,0,-999
0.6,0.1,0.5,1.2727272727,0,87,10119,-0.2889841407,3,ring,0,9,triang,9,1,0,-999
0.7,0.1,0.5,1.2916666667,0,81,10120,-0.3103513532,3,ring,0,9,triang,9,1,0,-999
0.8,0.1,0.5,1.3076923077,0,94,10121,-0.2654544136,3,ring,0,9,triang,9,1,0,-999
0.9,0.1,0.5,1.3214285714,0,130,10122,-0.191635282,5,ring,0,9,triang,9,1,0,-999
1,0.1,0.5,0,0,194,10123,-0.1286040551,7,ring,0,9,triang,9,1,0,-999
1,0.1,0.5,1.3333333333,0,194,10124,-0.1286040551,7,ring,0,9,triang,9,1,0,-999
1.1,0.1,0.5,1.34375,0,336,10125,-0.0743479558,13,ring,0,9,triang,9,1,0,-999
1.2,0.1,0.5,1.3529411765,0,914,10126,-0.02735452,36,ring,0,9,triang,9,1,0,-999
0.5,1,0.4,1.3888888889,0,86,10127,-0.2917892732,3,ring,0,9,triang,9,1,0,-999
0.5,1,0.5,1.25,0,95,10128,-0.2633369459,3,ring,0,9,triang,9,1,0,-999
0.5,1,0.6,1.1363636364,0,104,10129,-0.2398902978,4,ring,0,9,triang,9,1,0,-999
0.5,1,0.7,1.0416666667,0,114,10130,-0.2202454661,4,ring,0,9,triang,9,1,0,-999
0.5,1,0.8,0.9615384615,0,123,10131,-0.2035533148,4,ring,0,9,triang,9,1,0,-999
0.5,1,0.9,0.8928571429,0,132,10132,-0.1891985527,5,ring,0,9,triang,9,1,0,-999
0.5,1,1,0.8333333333,0,141,10133,-0.1767248515,5,ring,0,9,triang,9,1,0,-999
0.5,1,1.1,0.78125,0,159,10134,-0.1573295823,6,ring,0,9,triang,9,1,0,-999
0.5,1,1.1,1.40625,0,159,10135,-0.1573295823,6,ring,0,9,triang,9,1,0,-999
0.5,1,1.2,0.7352941176,0,186,10136,-0.13462528,7,ring,0,9,triang,9,1,0,-999
0.5,1,1.2,1.3235294118,0,186,10137,-0.13462528,7,ring,0,9,triang,9,1,0,-999
0.5,1,1.3,0.6944444444,0,214,10138,-0.1166194355,8,ring,0,9,triang,9,1,0,-999
0.5,1,1.3,1.25,0,214,10139,-0.1166194355,8,ring,0,9,triang,9,1,0,-999
0.5,1,1.4,0.6578947368,0,245,10140,-0.1021247229,9,ring,0,9,triang,9,1,0,-999
0.5,1,1.4,1.1842105263,0,245,10141,-0.1021247229,9,ring,0,9,triang,9,1,0,-999
0.5,1,1.5,0.625,0,277,10142,-0.0902995867,11,ring,0,9,triang,9,1,0,-999
0.5,1,1.5,1.125,0,277,10143,-0.0902995867,11,ring,0,9,triang,9,1,0,-999
0.5,0.1,0.5,1.25,0,639,10144,-0.0391393207,25,ring,0,9,triang,9,1,0,-999
0.5,0.5,0.5,1.25,0,93,10145,-0.2698080257,3,ring,0,9,triang,9,1,0,-999
0.5,0.9,0.5,1.25,0,95,10146,-0.2640255984,3,ring,0,9,triang,9,1,0,-999
0.5,1.3,0.5,1.25,0,95,10147,-0.2619291929,3,ring,0,9,triang,9,1,0,-999
0.5,1.7,0.5,1.25,0,96,10148,-0.2608457214,3,ring,0,9,triang,9,1,0,-999
0.1,1,0.5,1.0833333333,0,970,10149,-0.0257627023,38,chain,0,9,triang,9,1,0,-999
0.2,1,0.5,1.1428571429,0,561,10150,-0.0445602547,22,chain,0,9,triang,9,1,0,-999
0.3,1,0.5,1.1875,0,425,10151,-0.0588106245,17,chain,0,9,triang,9,1,0,-999
0.4,1,0.5,1.2222222222,0,357,10152,-0.0699537018,14,chain,0,9,triang,9,1,0,-999
0.5,1,0.5,1.25,0,317,10153,-0.078890021,12,chain,0,9,triang,9,1,0,-999
0.6,1,0.5,1.2727272727,0,290,10154,-0.0862076317,11,chain,0,9,triang,9,1,0,-999
0.7,1,0.5,1.2916666667,0,271,10155,-0.092305089,10,chain,0,9,triang,9,1,0,-999
0.8,1,0.5,1.3076923077,0,257,10156,-0.0974612909,10,chain,0,9,triang,9,1,0,-999
0.9,1,0.5,1.3214285714,0,245,10157,-0.1018768535,9,chain,0,9,triang,9,1,0,-999
1,1,0.5,0,0,428,10158,-0.0583493152,17,chain,0,9,triang,9,1,0,-999
1,1,0.5,1.3333333333,0,428,10159,-0.0583493152,17,chain,0,9,triang,9,1,0,-999
1.1,1,0.5,1.34375,0,8971,10160,-0.0027866663,358,chain,0,9,triang,9,1,0,-999
0.5,1,0.4,1.3888888889,0,285,10161,-0.0875821979,11,chain,0,9,triang,9,1,0,-999
0.5,1,0.5,1.25,0,317,10162,-0.078890021,12,chain,0,9,triang,9,1,0,-999
0.5,1,0.6,1.1363636364,0,348,10163,-0.0717627338,13,chain,0,9,triang,9,1,0,-999
0.5,1,0.7,1.0416666667,0,380,10164,-0.0658136111,15,chain,0,9,triang,9,1,0,-999
0.5,1,0.8,0.9615384615,0,411,10165,-0.0607734016,16,chain,0,9,triang,9,1,0,-999
0.5,1,0.9,0.8928571429,0,443,10166,-0.0564489482,17,chain,0,9,triang,9,1,0,-999
0.5,1,1,0.8333333333,0,474,10167,-0.0526981222,18,chain,0,9,triang,9,1,0,-999
0.5,1,1.1,0.78125,0,506,10168,-0.0494140386,20,chain,0,9,triang,9,1,0,-999
0.5,1,1.1,1.40625,0,506,10169,-0.0494140386,20,chain,0,9,triang,9,1,0,-999
0.5,1,1.2,0.7352941176,0,537,10170,-0.0465147829,21,chain,0,9,triang,9,1,0,-999
0.5,1,1.2,1.3235294118,0,537,10171,-0.0465147829,21,chain,0,9,triang,9,1,0,-999
0.5,1,1.3,0.6944444444,0,569,10172,-0.0439365291,22,chain,0,9,triang,9,1,0,-999
0.5,1,1.3,1.25,0,569,10173,-0.0439365291,22,chain,0,9,triang,9,1,0,-999
0.5,1,1.4,0.6578947368,0,601,10174,-0.0416288129,24,chain,0,9,triang,9,1,0,-999
0.5,1,1.4,1.1842105263,0,601,10175,-0.0416288129,24,chain,0,9,triang,9,1,0,-999
0.5,1,1.5,0.625,0,632,10176,-0.039551212,25,chain,0,9,triang,9,1,0,-999
0.5,1,1.5,1.125,0,632,10177,-0.039551212,25,chain,0,9,triang,9,1,0,-999
0.5,0.1,0.5,1.25,0,1029,10178,-0.0242985227,41,chain,0,9,triang,9,1,0,-999
0.5,0.5,0.5,1.25,0,315,10179,-0.0794084055,12,chain,0,9,triang,9,1,0,-999
0.5,0.9,0.5,1.25,0,317,10180,-0.0789469529,12,chain,0,9,triang,9,1,0,-999
0.5,1.3,0.5,1.25,0,317,10181,-0.0787722996,12,chain,0,9,triang,9,1,0,-999
0.5,1.7,0.5,1.25,0,318,10182,-0.0786804577,12,chain,0,9,triang,9,1,0,-999
0.5,10,0.5,1.25,0,97,10183,-0.2580091256,3,ring,0,9,triang,9,1,0,-999
0.5,10,0.5,1.25,0,319,10184,-0.0784348263,12,chain,0,9,triang,9,1,0,-999
0.1,1,0.5,1.0833333333,0,162,10185,-0.1543249057,6,square-open,0,9,triang,3,3,0,0
0.2,1,0.5,1.1428571429,0,89,10186,-0.2810107221,3,square-open,0,9,triang,3,3,0,0
0.3,1,0.5,1.1875,0,65,10187,-0.3839987609,2,square-open,0,9,triang,3,3,0,0
0.4,1,0.5,1.2222222222,0,53,10188,-0.4676891113,2,square-open,0,9,triang,3,3,0,0
0.5,1,0.5,1.25,0,48,10189,-0.5240609746,1,square-open,0,9,triang,3,3,0,0
0.6,1,0.5,1.2727272727,0,64,10190,-0.3936925841,2,square-open,0,9,triang,3,3,0,0
0.7,1,0.5,1.2916666667,0,87,10191,-0.2870359173,3,square-open,0,9,triang,3,3,0,0
0.8,1,0.5,1.3076923077,0,126,10192,-0.1980595748,5,square-open,0,9,triang,3,3,0,0
0.9,1,0.5,1.3214285714,0,204,10193,-0.1227625455,8,square-open,0,9,triang,3,3,0,0
1,1,0.5,0,0,428,10194,-0.0583493152,17,square-open,0,9,triang,3,3,0,0
1,1,0.5,1.3333333333,0,428,10195,-0.0583493152,17,square-open,0,9,triang,3,3,0,0
1.1,1,0.5,1.34375,0,8971,10196,-0.0027866663,358,square-open,0,9,triang,3,3,0,0
0.5,1,0.4,1.3888888889,0,42,10197,-0.5923979078,1,square-open,0,9,triang,3,3,0,0
0.5,1,0.5,1.25,0,48,10198,-0.5240609746,1,square-open,0,9,triang,3,3,0,0
0.5,1,0.6,1.1363636364,0,65,10199,-0.3862737852,2,square-open,0,9,triang,3,3,0,0
0.5,1,0.7,1.0416666667,0,85,10200,-0.2927322548,3,square-open,0,9,triang,3,3,0,0
0.5,1,0.8,0.9615384615,0,110,10201,-0.2271087343,4,square-open,0,9,triang,3,3,0,0
0.5,1,0.9,0.8928571429,0,139,10202,-0.1797417875,5,square-open,0,9,triang,3,3,0,0
0.5,1,1,0.8333333333,0,173,10203,-0.1447035077,6,square-open,0,9,triang,3,3,0,0
0.5,1,1.1,0.78125,0,211,10204,-0.1182292301,8,square-open,0,9,triang,3,3,0,0
0.5,1,1.1,1.40625,0,211,10205,-0.1182292301,8,square-open,0,9,triang,3,3,0,0
0.5,1,1.2,0.7352941176,0,255,10206,-0.0978526579,10,square-open,0,9,triang,3,3,0,0
0.5,1,1.2,1.3235294118,0,255,10207,-0.0978526579,10,square-open,0,9,triang,3,3,0,0
0.5,1,1.3,0.6944444444,0,305,10208,-0.0819128954,12,square-open,0,9,triang,3,3,0,0
0.5,1,1.3,1.25,0,305,10209,-0.0819128954,12,square-open,0,9,triang,3,3,0,0
0.5,1,1.4,0.6578947368,0,361,10210,-0.0692637852,14,square-open,0,9,triang,3,3,0,0
0.5,1,1.4,1.1842105263,0,361,10211,-0.0692637852,14,square-open,0,9,triang,3,3,0,0
0.5,1,1.5,0.625,0,423,10212,-0.0590970515,16,square-open,0,9,triang,3,3,0,0
0.5,1,1.5,1.125,0,423,10213,-0.0590970515,16,square-open,0,9,triang,3,3,0,0
0.5,0.1,0.5,1.25,0,1029,10214,-0.0242985227,41,square-open,0,9,triang,3,3,0,0
0.5,0.5,0.5,1.25,0,94,10215,-0.2662742222,3,square-open,0,9,triang,3,3,0,0
0.5,0.9,0.5,1.25,0,52,10216,-0.4811411633,2,square-open,0,9,triang,3,3,0,0
0.5,1.3,0.5,1.25,0,47,10217,-0.5295792667,1,square-open,0,9,triang,3,3,0,0
0.5,1.7,0.5,1.25,0,48,10218,-0.5246911613,1,square-open,0,9,triang,3,3,0,0
0.5,10,0.5,1.25,0,49,10219,-0.5123379952,1,square-open,0,9,triang,3,3,0,0
0.1,1,0.5,1.0833333333,0,84,10220,-0.2980688319,3,square-periodic,0,9,triang,3,3,0,0
0.2,1,0.5,1.1428571429,0,43,10221,-0.5865959352,1,square-periodic,0,9,triang,3,3,0,0
0.3,1,0.5,1.1875,0,29,10222,-0.8563787865,1,square-periodic,0,9,triang,3,3,0,0
0.4,1,0.5,1.2222222222,0,23,10223,-1.0992737775,0,square-periodic,0,9,triang,3,3,0,0
0.5,1,0.5,1.25,0,21,10224,-1.178805495,0,square-periodic,0,9,triang,3,3,0,0
0.6,1,0.5,1.2727272727,0,23,10225,-1.0716862219,0,square-periodic,0,9,triang,3,3,0,0
0.7,1,0.5,1.2916666667,0,25,10226,-0.9854756378,1,square-periodic,0,9,triang,3,3,0,0
0.8,1,0.5,1.3076923077,0,27,10227,-0.9150145189,1,square-periodic,0,9,triang,3,3,0,0
0.9,1,0.5,1.3214285714,0,29,10228,-0.8568397672,1,square-periodic,0,9,triang,3,3,0,0
1,1,0.5,0,0,31,10229,-0.8085069526,1,square-periodic,0,9,triang,3,3,0,0
1,1,0.5,1.3333333333,0,31,10230,-0.8085069526,1,square-periodic,0,9,triang,3,3,0,0
1.1,1,0.5,1.34375,0,33,10231,-0.7682216413,1,square-periodic,0,9,triang,3,3,0,0
1.2,1,0.5,1.3529411765,0,34,10232,-0.7346243153,1,square-periodic,0,9,triang,3,3,0,0
0.5,1,0.4,1.3888888889,0,17,10233,-1.4312880229,0,square-periodic,0,9,triang,3,3,0,0
0.5,1,0.6,1.1363636364,0,25,10234,-0.9941005123,1,square-periodic,0,9,triang,3,3,0,0
0.5,1,0.7,1.0416666667,0,29,10235,-0.8561359938,1,square-periodic,0,9,triang,3,3,0,0
0.5,1,0.8,0.9615384615,0,33,10236,-0.7505143355,1,square-periodic,0,9,triang,3,3,0,0
0.5,1,0.9,0.8928571429,0,37,10237,-0.6676969083,1,square-periodic,0,9,triang,3,3,0,0
0.5,1,1,0.8333333333,0,42,10238,-0.6013322901,1,square-periodic,0,9,triang,3,3,0,0
0.5,1,1.1,0.78125,0,46,10239,-0.5471161058,1,square-periodic,0,9,triang,3,3,0,0
0.5,1,1.1,1.40625,0,46,10240,-0.5471161058,1,square-periodic,0,9,triang,3,3,0,0
0.5,1,1.2,0.7352941176,0,50,10241,-0.5020679987,1,square-periodic,0,9,triang,3,3,0,0
0.5,1,1.2,1.3235294118,0,50,10242,-0.5020679987,1,square-periodic,0,9,triang,3,3,0,0
0.5,1,1.3,0.6944444444,0,54,10243,-0.4640786307,2,square-periodic,0,9,triang,3,3,0,0
0.5,1,1.3,1.25,0,54,10244,-0.4640786307,2,square-periodic,0,9,triang,3,3,0,0
0.5,1,1.4,0.6578947368,0,58,10245,-0.4316233755,2,square-periodic,0,9,triang,3,3,0,0
0.5,1,1.4,1.1842105263,0,58,10246,-0.4316233755,2,square-periodic,0,9,triang,3,3,0,0
0.5,1,1.5,0.625,0,62,10247,-0.4035783492,2,square-periodic,0,9,triang,3,3,0,0
0.5,1,1.5,1.125,0,62,10248,-0.4035783492,2,square-periodic,0,9,triang,3,3,0,0
0.5,0.1,0.5,1.25,0,160,10249,-0.1562381571,6,square-periodic,0,9,triang,3,3,0,0
0.5,0.5,0.5,1.25,0,35,10250,-0.7117706814,1,square-periodic,0,9,triang,3,3,0,0
0.5,0.9,0.5,1.25,0,23,10251,-1.1041821451,0,square-periodic,0,9,triang,3,3,0,0
0.5,1.3,0.5,1.25,0,20,10252,-1.256175079,0,square-periodic,0,9,triang,3,3,0,0
0.5,1.7,0.5,1.25,0,21,10253,-1.2192929326,0,square-periodic,0,9,triang,3,3,0,0
0.5,10,0.5,1.25,0,22,10254,-1.1375456186,0,square-periodic,0,9,triang,3,3,0,0
0.1,1,0.3,0.9821428571,1,82,10255,-0.3052390704,3,square-periodic,0,9,triang,3,3,1,1
0.2,1,0.3,0.9677419355,1,40,10256,-0.6203368618,1,square-periodic,0,9,triang,3,3,1,1
0.3,1,0.3,0.9558823529,1,26,10257,-0.9435330128,1,square-periodic,0,9,triang,3,3,1,1
0.4,1,0.3,0.9459459459,1,20,10258,-1.2715585872,0,square-periodic,0,9,triang,3,3,1,1
0.5,1,0.3,0.9375,1,16,10259,-1.5991809414,0,square-periodic,0,9,triang,3,3,1,1
0.6,1,0.3,0.9302325581,1,15,10260,-1.6375364893,0,square-periodic,0,9,triang,3,3,1,1
0.7,1,0.3,0.9239130435,1,16,10261,-1.5156788497,0,square-periodic,0,9,triang,3,3,1,1
0.8,1,0.3,0.9183673469,1,18,10262,-1.408542094,0,square-periodic,0,9,triang,3,3,1,1
0.9,1,0.3,0.9134615385,1,19,10263,-1.3134667985,0,square-periodic,0,9,triang,3,3,1,1
1,1,0.3,0.9090909091,1,20,10264,-1.228470019,0,square-periodic,0,9,triang,3,3,1,1
1.1,1,0.3,0.9051724138,1,22,10265,-1.1520311299,0,square-periodic,0,9,triang,3,3,1,1
1.2,1,0.3,0.9016393443,1,23,10266,-1.0829567748,0,square-periodic,0,9,triang,3,3,1,1
0.5,1,0.15,1.1538461539,1,13,10267,-1.9196525678,0,square-periodic,0,9,triang,3,3,1,1
0.5,1,0.2,1.0714285714,1,14,10268,-1.7982428328,0,square-periodic,0,9,triang,3,3,1,1
0.5,1,0.25,1,1,15,10269,-1.6925701199,0,square-periodic,0,9,triang,3,3,1,1
0.5,1,0.3,0.9375,1,16,10270,-1.5991809414,0,square-periodic,0,9,triang,3,3,1,1
0.5,1,0.35,0.8823529412,1,16,10271,-1.5157580444,0,square-periodic,0,9,triang,3,3,1,1
0.5,0.1,0.3,0.9375,1,116,10272,-0.2162648543,4,square-periodic,0,9,triang,3,3,1,1
0.5,0.5,0.3,0.9375,1,25,10273,-1.0002461101,0,square-periodic,0,9,triang,3,3,1,1
0.5,0.9,0.3,0.9375,1,15,10274,-1.6404621609,0,square-periodic,0,9,triang,3,3,1,1
0.5,1.3,0.3,0.9375,1,17,10275,-1.4899916813,0,square-periodic,0,9,triang,3,3,1,1
0.5,1.7,0.3,0.9375,1,18,10276,-1.4233376278,0,square-periodic,0,9,triang,3,3,1,1
0.5,10,0.3,0.9375,1,19,10277,-1.2901752197,0,square-periodic,0,9,triang,3,3,1,1
1,1,0.4,1.5384615385,1,109,10278,-0.2296342348,4,ring,0,9,triang,9,1,1,-999
1.1,1,0.4,1.5579710145,1,160,10279,-0.1564180982,6,ring,0,9,triang,9,1,1,-999
1.2,1,0.4,1.5753424658,1,273,10280,-0.0915236029,10,ring,0,9,triang,9,1,1,-999
0.5,1,0.5,1.25,1,95,10281,-0.2633369459,3,ring,0,9,triang,9,1,1,-999
0.5,0.1,0.5,1.25,1,639,10282,-0.0391393207,25,ring,0,9,triang,9,1,1,-999
0.5,0.5,0.5,1.25,1,93,10283,-0.2698080257,3,ring,0,9,triang,9,1,1,-999
0.5,0.9,0.5,1.25,1,95,10284,-0.2640255984,3,ring,0,9,triang,9,1,1,-999
0.5,1.3,0.5,1.25,1,95,10285,-0.2619291929,3,ring,0,9,triang,9,1,1,-999
0.5,1.7,0.5,1.25,1,96,10286,-0.2608457214,3,ring,0,9,triang,9,1,1,-999
0.5,10,0.5,1.25,1,97,10287,-0.2580091256,3,ring,0,9,triang,9,1,1,-999
0.1,1,0.5,1.0833333333,0,556,10288,-0.0449447586,22,square-open,0,25,triang,5,5,0,0
0.2,1,0.5,1.1428571429,0,319,10289,-0.0782769598,12,square-open,0,25,triang,5,5,0,0
0.3,1,0.5,1.1875,0,241,10290,-0.1037635366,9,square-open,0,25,triang,5,5,0,0
0.4,1,0.5,1.2222222222,0,202,10291,-0.1237800731,8,square-open,0,25,triang,5,5,0,0
0.5,1,0.5,1.25,0,179,10292,-0.1398652074,7,square-open,0,25,triang,5,5,0,0
0.6,1,0.5,1.2727272727,0,163,10293,-0.1530459576,6,square-open,0,25,triang,5,5,0,0
0.7,1,0.5,1.2916666667,0,152,10294,-0.1640282382,6,square-open,0,25,triang,5,5,0,0
0.8,1,0.5,1.3076923077,0,144,10295,-0.1733105492,5,square-open,0,25,triang,5,5,0,0
0.9,1,0.5,1.3214285714,0,204,10296,-0.1227625455,8,square-open,0,25,triang,5,5,0,0
1,1,0.5,0,0,428,10297,-0.0583493152,17,square-open,0,25,triang,5,5,0,0
1,1,0.5,1.3333333333,0,428,10298,-0.0583493152,17,square-open,0,25,triang,5,5,0,0
1.1,1,0.5,1.34375,0,8971,10299,-0.0027866663,358,square-open,0,25,triang,5,5,0,0
0.5,1,0.4,1.3888888889,0,161,10300,-0.1551759766,6,square-open,0,25,triang,5,5,0,0
0.5,1,0.6,1.1363636364,0,196,10301,-0.1272899345,7,square-open,0,25,triang,5,5,0,0
0.5,1,0.7,1.0416666667,0,214,10302,-0.1167801944,8,square-open,0,25,triang,5,5,0,0
0.5,1,0.8,0.9615384615,0,232,10303,-0.1078675023,9,square-open,0,25,triang,5,5,0,0
0.5,1,0.9,0.8928571429,0,249,10304,-0.1002146509,9,square-open,0,25,triang,5,5,0,0
0.5,1,1,0.8333333333,0,267,10305,-0.093572865,10,square-open,0,25,triang,5,5,0,0
0.5,1,1.1,0.78125,0,285,10306,-0.0877546672,11,square-open,0,25,triang,5,5,0,0
0.5,1,1.1,1.40625,0,285,10307,-0.0877546672,11,square-open,0,25,triang,5,5,0,0
0.5,1,1.2,0.7352941176,0,303,10308,-0.0826161343,12,square-open,0,25,triang,5,5,0,0
0.5,1,1.2,1.3235294118,0,303,10309,-0.0826161343,12,square-open,0,25,triang,5,5,0,0
0.5,1,1.3,0.6944444444,0,320,10310,-0.0780449679,12,square-open,0,25,triang,5,5,0,0
0.5,1,1.3,1.25,0,320,10311,-0.0780449679,12,square-open,0,25,triang,5,5,0,0
0.5,1,1.4,0.6578947368,0,361,10312,-0.0692637852,14,square-open,0,25,triang,5,5,0,0
0.5,1,1.4,1.1842105263,0,361,10313,-0.0692637852,14,square-open,0,25,triang,5,5,0,0
0.5,1,1.5,0.625,0,423,10314,-0.0590970515,16,square-open,0,25,triang,5,5,0,0
0.5,1,1.5,1.125,0,423,10315,-0.0590970515,16,square-open,0,25,triang,5,5,0,0
0.5,0.1,0.5,1.25,0,1029,10316,-0.0242985227,41,square-open,0,25,triang,5,5,0,0
0.5,0.5,0.5,1.25,0,177,10317,-0.1415550507,7,square-open,0,25,triang,5,5,0,0
0.5,0.9,0.5,1.25,0,179,10318,-0.1400490046,7,square-open,0,25,triang,5,5,0,0
0.5,1.3,0.5,1.25,0,179,10319,-0.1394865267,7,square-open,0,25,triang,5,5,0,0
0.5,1.7,0.5,1.25,0,180,10320,-0.1391923614,7,square-open,0,25,triang,5,5,0,0
0.5,10,0.5,1.25,0,181,10321,-0.138410979,7,square-open,0,25,triang,5,5,0,0
0.1,1,0.5,1.0833333333,0,202,10322,-0.1239074466,8,square-periodic,0,25,triang,5,5,0,0
0.2,1,0.5,1.1428571429,0,112,10323,-0.2226287537,4,square-periodic,0,25,triang,5,5,0,0
0.3,1,0.5,1.1875,0,83,10324,-0.3013283433,3,square-periodic,0,25,triang,5,5,0,0
0.4,1,0.5,1.2222222222,0,69,10325,-0.3645522199,2,square-periodic,0,25,triang,5,5,0,0
0.5,1,0.5,1.25,0,60,10326,-0.415918583,2,square-periodic,0,25,triang,5,5,0,0
0.6,1,0.5,1.2727272727,0,55,10327,-0.4581772552,2,square-periodic,0,25,triang,5,5,0,0
0.7,1,0.5,1.2916666667,0,51,10328,-0.4933812794,2,square-periodic,0,25,triang,5,5,0,0
0.8,1,0.5,1.3076923077,0,59,10329,-0.4253421916,2,square-periodic,0,25,triang,5,5,0,0
0.9,1,0.5,1.3214285714,0,70,10330,-0.3551330044,2,square-periodic,0,25,triang,5,5,0,0
1,1,0.5,0,0,85,10331,-0.2954822156,3,square-periodic,0,25,triang,5,5,0,0
1,1,0.5,1.3333333333,0,85,10332,-0.2954822156,3,square-periodic,0,25,triang,5,5,0,0
1.1,1,0.5,1.34375,0,102,10333,-0.2444269429,4,square-periodic,0,25,triang,5,5,0,0
1.2,1,0.5,1.3529411765,0,125,10334,-0.2004898182,4,square-periodic,0,25,triang,5,5,0,0
0.5,1,0.4,1.3888888889,0,54,10335,-0.4601470347,2,square-periodic,0,25,triang,5,5,0,0
0.5,1,0.5,1.25,0,60,10336,-0.415918583,2,square-periodic,0,25,triang,5,5,0,0
0.5,1,0.6,1.1363636364,0,66,10337,-0.3793272213,2,square-periodic,0,25,triang,5,5,0,0
0.5,1,0.7,1.0416666667,0,72,10338,-0.3485761904,2,square-periodic,0,25,triang,5,5,0,0
0.5,1,0.8,0.9615384615,0,78,10339,-0.3223852952,3,square-periodic,0,25,triang,5,5,0,0
0.5,1,0.9,0.8928571429,0,83,10340,-0.2998195109,3,square-periodic,0,25,triang,5,5,0,0
0.5,1,1,0.8333333333,0,89,10341,-0.2801809827,3,square-periodic,0,25,triang,5,5,0,0
0.5,1,1.1,0.78125,0,100,10342,-0.2509731895,3,square-periodic,0,25,triang,5,5,0,0
0.5,1,1.1,1.40625,0,100,10343,-0.2509731895,3,square-periodic,0,25,triang,5,5,0,0
0.5,1,1.2,0.7352941176,0,112,10344,-0.2227535185,4,square-periodic,0,25,triang,5,5,0,0
0.5,1,1.2,1.3235294118,0,112,10345,-0.2227535185,4,square-periodic,0,25,triang,5,5,0,0
0.5,1,1.3,0.6944444444,0,125,10346,-0.1998419018,5,square-periodic,0,25,triang,5,5,0,0
0.5,1,1.3,1.25,0,125,10347,-0.1998419018,5,square-periodic,0,25,triang,5,5,0,0
0.5,1,1.4,0.6578947368,0,138,10348,-0.1809574283,5,square-periodic,0,25,triang,5,5,0,0
0.5,1,1.4,1.1842105263,0,138,10349,-0.1809574283,5,square-periodic,0,25,triang,5,5,0,0
0.5,1,1.5,0.625,0,151,10350,-0.165182227,6,square-periodic,0,25,triang,5,5,0,0
0.5,1,1.5,1.125,0,151,10351,-0.165182227,6,square-periodic,0,25,triang,5,5,0,0
0.5,0.1,0.5,1.25,0,346,10352,-0.0722339212,13,square-periodic,0,25,triang,5,5,0,0
0.5,0.5,0.5,1.25,0,60,10353,-0.4143432812,2,square-periodic,0,25,triang,5,5,0,0
0.5,0.9,0.5,1.25,0,60,10354,-0.4177628044,2,square-periodic,0,25,triang,5,5,0,0
0.5,1.3,0.5,1.25,0,61,10355,-0.4121892738,2,square-periodic,0,25,triang,5,5,0,0
0.5,1.7,0.5,1.25,0,61,10356,-0.409355054,2,square-periodic,0,25,triang,5,5,0,0
0.5,10,0.5,1.25,0,62,10357,-0.4020757529,2,square-periodic,0,25,triang,5,5,0,0
0.1,1,0.5,1.0833333333,0,147,10358,-0.1697386418,5,hexagon,0,25,triang,5,5,0,0
0.2,1,0.5,1.1428571429,0,80,10359,-0.3112823757,3,hexagon,0,25,triang,5,5,0,0
0.3,1,0.5,1.1875,0,58,10360,-0.4276055848,2,hexagon,0,25,triang,5,5,0,0
0.4,1,0.5,1.2222222222,0,48,10361,-0.5227602076,1,hexagon,0,25,triang,5,5,0,0
0.5,1,0.5,1.25,0,42,10362,-0.6007920858,1,hexagon,0,25,triang,5,5,0,0
0.6,1,0.5,1.2727272727,0,38,10363,-0.6652178962,1,hexagon,0,25,triang,5,5,0,0
0.7,1,0.5,1.2916666667,0,35,10364,-0.7188893141,1,hexagon,0,25,triang,5,5,0,0
0.8,1,0.5,1.3076923077,0,33,10365,-0.7640417002,1,hexagon,0,25,triang,5,5,0,0
0.9,1,0.5,1.3214285714,0,31,10366,-0.8024025355,1,hexagon,0,25,triang,5,5,0,0
1,1,0.5,0,0,30,10367,-0.8353026262,1,hexagon,0,25,triang,5,5,0,0
1,1,0.5,1.3333333333,0,30,10368,-0.8353026262,1,hexagon,0,25,triang,5,5,0,0
1.1,1,0.5,1.34375,0,29,10369,-0.8637703625,1,hexagon,0,25,triang,5,5,0,0
1.2,1,0.5,1.3529411765,0,28,10370,-0.8789438282,1,hexagon,0,25,triang,5,5,0,0
0.5,1,0.4,1.3888888889,0,38,10371,-0.6635041044,1,hexagon,0,25,triang,5,5,0,0
0.5,1,0.6,1.1363636364,0,46,10372,-0.548679389,1,hexagon,0,25,triang,5,5,0,0
0.5,1,0.7,1.0416666667,0,50,10373,-0.5047328339,1,hexagon,0,25,triang,5,5,0,0
0.5,1,0.8,0.9615384615,0,54,10374,-0.4672004391,2,hexagon,0,25,triang,5,5,0,0
0.5,1,0.9,0.8928571429,0,57,10375,-0.4347915441,2,hexagon,0,25,triang,5,5,0,0
0.5,1,1,0.8333333333,0,61,10376,-0.4065360494,2,hexagon,0,25,triang,5,5,0,0
0.5,1,1.1,0.78125,0,65,10377,-0.3816917247,2,hexagon,0,25,triang,5,5,0,0
0.5,1,1.1,1.40625,0,65,10378,-0.3816917247,2,hexagon,0,25,triang,5,5,0,0
0.5,1,1.2,0.7352941176,0,70,10379,-0.3596816295,2,hexagon,0,25,triang,5,5,0,0
0.5,1,1.2,1.3235294118,0,70,10380,-0.3596816295,2,hexagon,0,25,triang,5,5,0,0
0.5,1,1.3,0.6944444444,0,74,10381,-0.3400509115,2,hexagon,0,25,triang,5,5,0,0
0.5,1,1.3,1.25,0,74,10382,-0.3400509115,2,hexagon,0,25,triang,5,5,0,0
0.5,1,1.4,0.6578947368,0,78,10383,-0.3224363787,3,hexagon,0,25,triang,5,5,0,0
0.5,1,1.4,1.1842105263,0,78,10384,-0.3224363787,3,hexagon,0,25,triang,5,5,0,0
0.5,1,1.5,0.625,0,82,10385,-0.3065446764,3,hexagon,0,25,triang,5,5,0,0
0.5,1,1.5,1.125,0,82,10386,-0.3065446764,3,hexagon,0,25,triang,5,5,0,0
0.5,0.1,0.5,1.25,0,143,10387,-0.1746792496,5,hexagon,0,25,triang,5,5,0,0
0.5,0.5,0.5,1.25,0,39,10388,-0.6436609373,1,hexagon,0,25,triang,5,5,0,0
0.5,0.9,0.5,1.25,0,41,10389,-0.6050028988,1,hexagon,0,25,triang,5,5,0,0
0.5,1.3,0.5,1.25,0,42,10390,-0.5924053952,1,hexagon,0,25,triang,5,5,0,0
0.5,1.7,0.5,1.25,0,43,10391,-0.586141078,1,hexagon,0,25,triang,5,5,0,0
0.5,10,0.5,1.25,0,44,10392,-0.5704536664,1,hexagon,0,25,triang,5,5,0,0
0.5,1,0,0.5,0,81,10393,-0.307990347,3,square-periodic,0,64,triang,8,8,0,0
0.5,1,0.35,1.4705882353,0,136,10394,-0.1844603121,5,square-periodic,0,64,triang,8,8,0,0
0.5,1,0.4,1.3888888889,0,143,10395,-0.1743964964,5,square-periodic,0,64,triang,8,8,0,0
0.5,1,0.45,1.3157894737,0,151,10396,-0.1653657566,6,square-periodic,0,64,triang,8,8,0,0
0.5,1,0.5,1.25,0,159,10397,-0.1572178839,6,square-periodic,0,64,triang,8,8,0,0
0.5,1,0.55,1.1904761905,0,167,10398,-0.1498302572,6,square-periodic,0,64,triang,8,8,0,0
0.5,1,0.6,1.1363636364,0,175,10399,-0.1431018254,6,square-periodic,0,64,triang,8,8,0,0
0.5,1,0.65,1.0869565217,0,183,10400,-0.1369485908,7,square-periodic,0,64,triang,8,8,0,0
0.5,1,0.7,1.0416666667,0,190,10401,-0.131300175,7,square-periodic,0,64,triang,8,8,0,0
0.5,1,0.75,1,0,198,10402,-0.1260971794,7,square-periodic,0,64,triang,8,8,0,0
0.5,1,0.8,0.9615384615,0,206,10403,-0.1212891331,8,square-periodic,0,64,triang,8,8,0,0
0.5,1,0.85,0.9259259259,0,214,10404,-0.1168328833,8,square-periodic,0,64,triang,8,8,0,0
0.5,1,0.9,0.8928571429,0,222,10405,-0.1126913202,8,square-periodic,0,64,triang,8,8,0,0
0.5,1,0.95,0.8620689655,0,230,10406,-0.1088323585,9,square-periodic,0,64,triang,8,8,0,0
0.5,1,1,0.8333333333,0,238,10407,-0.1052281175,9,square-periodic,0,64,triang,8,8,0,0
0.5,1,1.05,0.8064516129,0,245,10408,-0.1018542566,9,square-periodic,0,64,triang,8,8,0,0
0.5,1,1.05,1.4516129032,0,245,10409,-0.1018542566,9,square-periodic,0,64,triang,8,8,0,0
0.5,1,1.1,0.78125,0,253,10410,-0.0986894319,10,square-periodic,0,64,triang,8,8,0,0
0.5,1,1.1,1.40625,0,253,10411,-0.0986894319,10,square-periodic,0,64,triang,8,8,0,0
0.5,1,1.15,0.7575757576,0,261,10412,-0.0957148504,10,square-periodic,0,64,triang,8,8,0,0
0.5,1,1.15,1.3636363636,0,261,10413,-0.0957148504,10,square-periodic,0,64,triang,8,8,0,0
0.5,1,1.2,0.7352941176,0,269,10414,-0.0929139007,10,square-periodic,0,64,triang,8,8,0,0
0.5,1,1.2,1.3235294118,0,269,10415,-0.0929139007,10,square-periodic,0,64,triang,8,8,0,0
0.5,1,1.25,0.7142857143,0,280,10416,-0.0894093925,11,square-periodic,0,64,triang,8,8,0,0
0.5,1,1.25,1.2857142857,0,280,10417,-0.0894093925,11,square-periodic,0,64,triang,8,8,0,0
0.5,1,1.3,0.6944444444,0,305,10418,-0.0819128954,12,square-periodic,0,64,triang,8,8,0,0
0.5,1,1.3,1.25,0,305,10419,-0.0819128954,12,square-periodic,0,64,triang,8,8,0,0
0.5,1,1.35,0.6756756757,0,332,10420,-0.0752339052,13,square-periodic,0,64,triang,8,8,0,0
0.5,1,1.35,1.2162162162,0,332,10421,-0.0752339052,13,square-periodic,0,64,triang,8,8,0,0
0.5,1,1.4,0.6578947368,0,361,10422,-0.0692637852,14,square-periodic,0,64,triang,8,8,0,0
0.5,1,1.4,1.1842105263,0,361,10423,-0.0692637852,14,square-periodic,0,64,triang,8,8,0,0
0.5,1,1.45,0.641025641,0,391,10424,-0.0639107842,15,square-periodic,0,64,triang,8,8,0,0
0.5,1,1.45,1.1538461539,0,391,10425,-0.0639107842,15,square-periodic,0,64,triang,8,8,0,0
0.5,1,1.5,0.625,0,423,10426,-0.0590970515,16,square-periodic,0,64,triang,8,8,0,0
0.5,1,1.5,1.125,0,423,10427,-0.0590970515,16,square-periodic,0,64,triang,8,8,0,0
0.5,1,1.55,0.6097560976,0,457,10428,-0.0547562404,18,square-periodic,0,64,triang,8,8,0,0
0.5,1,1.55,1.0975609756,0,457,10429,-0.0547562404,18,square-periodic,0,64,triang,8,8,0,0
0.5,1,1.6,0.5952380952,0,492,10430,-0.0508315718,19,square-periodic,0,64,triang,8,8,0,0
0.5,1,1.6,1.0714285714,0,492,10431,-0.0508315718,19,square-periodic,0,64,triang,8,8,0,0
0.5,1,1.65,0.5813953488,0,529,10432,-0.0472742621,21,square-periodic,0,64,triang,8,8,0,0
0.5,1,1.65,1.0465116279,0,529,10433,-0.0472742621,21,square-periodic,0,64,triang,8,8,0,0
0.5,1,1.7,0.5681818182,0,568,10434,-0.0440422393,22,square-periodic,0,64,triang,8,8,0,0
0.5,1,1.7,1.0227272727,0,568,10435,-0.0440422393,22,square-periodic,0,64,triang,8,8,0,0
0.5,1,1.7,1.4772727273,0,568,10436,-0.0440422393,22,square-periodic,0,64,triang,8,8,0,0
0.5,1,1.75,0.5555555556,0,608,10437,-0.0410990891,24,square-periodic,0,64,triang,8,8,0,0
0.5,1,1.75,1,0,608,10438,-0.0410990891,24,square-periodic,0,64,triang,8,8,0,0
0.5,1,1.75,1.4444444444,0,608,10439,-0.0410990891,24,square-periodic,0,64,triang,8,8,0,0
0.5,1,1.8,0.5434782609,0,651,10440,-0.038413187,26,square-periodic,0,64,triang,8,8,0,0
0.5,1,1.8,0.9782608696,0,651,10441,-0.038413187,26,square-periodic,0,64,triang,8,8,0,0
0.5,1,1.8,1.4130434783,0,651,10442,-0.038413187,26,square-periodic,0,64,triang,8,8,0,0
0.5,1,1.85,0.5319148936,0,695,10443,-0.0359569778,27,square-periodic,0,64,triang,8,8,0,0
0.5,1,1.85,0.9574468085,0,695,10444,-0.0359569778,27,square-periodic,0,64,triang,8,8,0,0
0.5,1,1.85,1.3829787234,0,695,10445,-0.0359569778,27,square-periodic,0,64,triang,8,8,0,0
0.5,1,1.9,0.5208333333,0,742,10446,-0.0337063779,29,square-periodic,0,64,triang,8,8,0,0
0.5,1,1.9,0.9375,0,742,10447,-0.0337063779,29,square-periodic,0,64,triang,8,8,0,0
0.5,1,1.9,1.3541666667,0,742,10448,-0.0337063779,29,square-periodic,0,64,triang,8,8,0,0
0.5,1,1.95,0.5102040816,0,790,10449,-0.0316402751,31,square-periodic,0,64,triang,8,8,0,0
0.5,1,1.95,0.9183673469,0,790,10450,-0.0316402751,31,square-periodic,0,64,triang,8,8,0,0
0.5,1,1.95,1.3265306122,0,790,10451,-0.0316402751,31,square-periodic,0,64,triang,8,8,0,0
0.5,1,2,0.9,0,841,10452,-0.0297401089,33,square-periodic,0,64,triang,8,8,0,0
0.5,1,2,1.3,0,841,10453,-0.0297401089,33,square-periodic,0,64,triang,8,8,0,0
0.5,1,0,0.5,0,81,10454,-0.307990347,3,square-periodic,0,64,triang,8,8,0,0
0.5,1,0.35,1.4705882353,0,136,10455,-0.1844603121,5,square-periodic,0,64,triang,8,8,0,0
0.5,1,0.4,1.3888888889,0,143,10456,-0.1743964964,5,square-periodic,0,64,triang,8,8,0,0
0.5,1,0.45,1.3157894737,0,151,10457,-0.1653657566,6,square-periodic,0,64,triang,8,8,0,0
0.5,1,0.5,1.25,0,159,10458,-0.1572178839,6,square-periodic,0,64,triang,8,8,0,0
0.5,1,0.55,1.1904761905,0,167,10459,-0.1498302572,6,square-periodic,0,64,triang,8,8,0,0
0.5,1,0.6,1.1363636364,0,175,10460,-0.1431018254,6,square-periodic,0,64,triang,8,8,0,0
0.5,1,0.65,1.0869565217,0,183,10461,-0.1369485908,7,square-periodic,0,64,triang,8,8,0,0
0.5,1,0.7,1.0416666667,0,190,10462,-0.131300175,7,square-periodic,0,64,triang,8,8,0,0
0.5,1,0.75,1,0,198,10463,-0.1260971794,7,square-periodic,0,64,triang,8,8,0,0
0.5,1,0.8,0.9615384615,0,206,10464,-0.1212891331,8,square-periodic,0,64,triang,8,8,0,0
0.5,1,0.85,0.9259259259,0,214,10465,-0.1168328833,8,square-periodic,0,64,triang,8,8,0,0
0.5,1,0.9,0.8928571429,0,222,10466,-0.1126913202,8,square-periodic,0,64,triang,8,8,0,0
0.5,1,0.95,0.8620689655,0,230,10467,-0.1088323585,9,square-periodic,0,64,triang,8,8,0,0
0.5,1,1,0.8333333333,0,238,10468,-0.1052281175,9,square-periodic,0,64,triang,8,8,0,0
0.5,1,1.05,0.8064516129,0,245,10469,-0.1018542566,9,square-periodic,0,64,triang,8,8,0,0
0.5,1,1.05,1.4516129032,0,245,10470,-0.1018542566,9,square-periodic,0,64,triang,8,8,0,0
0.5,1,1.1,0.78125,0,253,10471,-0.0986894319,10,square-periodic,0,64,triang,8,8,0,0
0.5,1,1.1,1.40625,0,253,10472,-0.0986894319,10,square-periodic,0,64,triang,8,8,0,0
0.5,1,1.15,0.7575757576,0,261,10473,-0.0957148504,10,square-periodic,0,64,triang,8,8,0,0
0.5,1,1.15,1.3636363636,0,261,10474,-0.0957148504,10,square-periodic,0,64,triang,8,8,0,0
0.5,1,1.2,0.7352941176,0,269,10475,-0.0929139007,10,square-periodic,0,64,triang,8,8,0,0
0.5,1,1.2,1.3235294118,0,269,10476,-0.0929139007,10,square-periodic,0,64,triang,8,8,0,0
0.5,1,1.25,0.7142857143,0,280,10477,-0.0894093925,11,square-periodic,0,64,triang,8,8,0,0
0.5,1,1.25,1.2857142857,0,280,10478,-0.0894093925,11,square-periodic,0,64,triang,8,8,0,0
0.5,1,1.3,0.6944444444,0,305,10479,-0.0819128954,12,square-periodic,0,64,triang,8,8,0,0
0.5,1,1.3,1.25,0,305,10480,-0.0819128954,12,square-periodic,0,64,triang,8,8,0,0
0.5,1,1.35,0.6756756757,0,332,10481,-0.0752339052,13,square-periodic,0,64,triang,8,8,0,0
0.5,1,1.35,1.2162162162,0,332,10482,-0.0752339052,13,square-periodic,0,64,triang,8,8,0,0
0.5,1,1.4,0.6578947368,0,361,10483,-0.0692637852,14,square-periodic,0,64,triang,8,8,0,0
0.5,1,1.4,1.1842105263,0,361,10484,-0.0692637852,14,square-periodic,0,64,triang,8,8,0,0
0.5,1,1.45,0.641025641,0,391,10485,-0.0639107842,15,square-periodic,0,64,triang,8,8,0,0
0.5,1,1.45,1.1538461539,0,391,10486,-0.0639107842,15,square-periodic,0,64,triang,8,8,0,0
0.5,1,1.5,0.625,0,423,10487,-0.0590970515,16,square-periodic,0,64,triang,8,8,0,0
0.5,1,1.5,1.125,0,423,10488,-0.0590970515,16,square-periodic,0,64,triang,8,8,0,0
0.5,1,1.55,0.6097560976,0,457,10489,-0.0547562404,18,square-periodic,0,64,triang,8,8,0,0
0.5,1,1.55,1.0975609756,0,457,10490,-0.0547562404,18,square-periodic,0,64,triang,8,8,0,0
0.5,1,1.6,0.5952380952,0,492,10491,-0.0508315718,19,square-periodic,0,64,triang,8,8,0,0
0.5,1,1.6,1.0714285714,0,492,10492,-0.0508315718,19,square-periodic,0,64,triang,8,8,0,0
0.5,1,1.65,0.5813953488,0,529,10493,-0.0472742621,21,square-periodic,0,64,triang,8,8,0,0
0.5,1,1.65,1.0465116279,0,529,10494,-0.0472742621,21,square-periodic,0,64,triang,8,8,0,0
0.5,1,1.7,0.5681818182,0,568,10495,-0.0440422393,22,square-periodic,0,64,triang,8,8,0,0
0.5,1,1.7,1.0227272727,0,568,10496,-0.0440422393,22,square-periodic,0,64,triang,8,8,0,0
0.5,1,1.7,1.4772727273,0,568,10497,-0.0440422393,22,square-periodic,0,64,triang,8,8,0,0
0.5,1,1.75,0.5555555556,0,608,10498,-0.0410990891,24,square-periodic,0,64,triang,8,8,0,0
0.5,1,1.75,1,0,608,10499,-0.0410990891,24,square-periodic,0,64,triang,8,8,0,0
0.5,1,1.75,1.4444444444,0,608,10500,-0.0410990891,24,square-periodic,0,64,triang,8,8,0,0
0.5,1,1.8,0.5434782609,0,651,10501,-0.038413187,26,square-periodic,0,64,triang,8,8,0,0
0.5,1,1.8,0.9782608696,0,651,10502,-0.038413187,26,square-periodic,0,64,triang,8,8,0,0
0.5,1,1.8,1.4130434783,0,651,10503,-0.038413187,26,square-periodic,0,64,triang,8,8,0,0
0.5,1,1.85,0.5319148936,0,695,10504,-0.0359569778,27,square-periodic,0,64,triang,8,8,0,0
0.5,1,1.85,0.9574468085,0,695,10505,-0.0359569778,27,square-periodic,0,64,triang,8,8,0,0
0.5,1,1.85,1.3829787234,0,695,10506,-0.0359569778,27,square-periodic,0,64,triang,8,8,0,0
0.5,1,1.9,0.5208333333,0,742,10507,-0.0337063779,29,square-periodic,0,64,triang,8,8,0,0
0.5,1,1.9,0.9375,0,742,10508,-0.0337063779,29,square-periodic,0,64,triang,8,8,0,0
0.5,1,1.9,1.3541666667,0,742,10509,-0.0337063779,29,square-periodic,0,64,triang,8,8,0,0
0.5,1,1.95,0.5102040816,0,790,10510,-0.0316402751,31,square-periodic,0,64,triang,8,8,0,0
0.5,1,1.95,0.9183673469,0,790,10511,-0.0316402751,31,square-periodic,0,64,triang,8,8,0,0
0.5,1,1.95,1.3265306122,0,790,10512,-0.0316402751,31,square-periodic,0,64,triang,8,8,0,0
0.5,1,2,0.9,0,841,10513,-0.0297401089,33,square-periodic,0,64,triang,8,8,0,0
0.5,1,2,1.3,0,841,10514,-0.0297401089,33,square-periodic,0,64,triang,8,8,0,0
0.5,0.1,0,0.5,0,80,10515,-0.3141592654,3,square-periodic,0,64,triang,8,8,0,0
0.5,0.1,0.35,1.4705882353,0,257,10516,-0.0972765021,10,square-periodic,0,64,triang,8,8,0,0
0.5,0.1,0.4,1.3888888889,0,352,10517,-0.0710324054,14,square-periodic,0,64,triang,8,8,0,0
0.5,0.1,0.45,1.3157894737,0,535,10518,-0.0466902823,21,square-periodic,0,64,triang,8,8,0,0
0.5,0.1,0.5,1.25,0,1029,10519,-0.0242985227,41,square-periodic,0,64,triang,8,8,0,0
0.5,0.1,0.55,1.1904761905,0,6495,10520,-0.0038491295,259,square-periodic,0,64,triang,8,8,0,0
0.5,1,0,0.5,0,266,10521,-0.0940259195,10,square-open,0,64,triang,8,8,0,0
0.5,1,0.35,1.4705882353,0,449,10522,-0.0556178653,17,square-open,0,64,triang,8,8,0,0
0.5,1,0.4,1.3888888889,0,476,10523,-0.0525448133,19,square-open,0,64,triang,8,8,0,0
0.5,1,0.45,1.3157894737,0,502,10524,-0.0497928036,20,square-open,0,64,triang,8,8,0,0
0.5,1,0.5,1.25,0,528,10525,-0.0473141281,21,square-open,0,64,triang,8,8,0,0
0.5,1,0.55,1.1904761905,0,555,10526,-0.0450700675,22,square-open,0,64,triang,8,8,0,0
0.5,1,0.6,1.1363636364,0,581,10527,-0.0430288733,23,square-open,0,64,triang,8,8,0,0
0.5,1,0.65,1.0869565217,0,607,10528,-0.041164269,24,square-open,0,64,triang,8,8,0,0
0.5,1,0.7,1.0416666667,0,634,10529,-0.0394543218,25,square-open,0,64,triang,8,8,0,0
0.5,1,0.75,1,0,660,10530,-0.0378805817,26,square-open,0,64,triang,8,8,0,0
0.5,1,0.8,0.9615384615,0,686,10531,-0.0364274176,27,square-open,0,64,triang,8,8,0,0
0.5,1,0.85,0.9259259259,0,713,10532,-0.0350814993,28,square-open,0,64,triang,8,8,0,0
0.5,1,0.9,0.8928571429,0,739,10533,-0.0338313895,29,square-open,0,64,triang,8,8,0,0
0.5,1,0.95,0.8620689655,0,765,10534,-0.0326672198,30,square-open,0,64,triang,8,8,0,0
0.5,1,1,0.8333333333,0,792,10535,-0.031580431,31,square-open,0,64,triang,8,8,0,0
0.5,1,1.05,0.8064516129,0,818,10536,-0.0305635627,32,square-open,0,64,triang,8,8,0,0
0.5,1,1.05,1.4516129032,0,818,10537,-0.0305635627,32,square-open,0,64,triang,8,8,0,0
0.5,1,1.1,0.78125,0,844,10538,-0.0296100831,33,square-open,0,64,triang,8,8,0,0
0.5,1,1.1,1.40625,0,844,10539,-0.0296100831,33,square-open,0,64,triang,8,8,0,0
0.5,1,1.15,0.7575757576,0,871,10540,-0.0287142488,34,square-open,0,64,triang,8,8,0,0
0.5,1,1.15,1.3636363636,0,871,10541,-0.0287142488,34,square-open,0,64,triang,8,8,0,0
0.5,1,1.2,0.7352941176,0,897,10542,-0.0278709892,35,square-open,0,64,triang,8,8,0,0
0.5,1,1.2,1.3235294118,0,897,10543,-0.0278709892,35,square-open,0,64,triang,8,8,0,0
0.5,1,1.25,0.7142857143,0,923,10544,-0.0270758111,36,square-open,0,64,triang,8,8,0,0
0.5,1,1.25,1.2857142857,0,923,10545,-0.0270758111,36,square-open,0,64,triang,8,8,0,0
0.5,1,1.3,0.6944444444,0,950,10546,-0.0263247191,37,square-open,0,64,triang,8,8,0,0
0.5,1,1.3,1.25,0,950,10547,-0.0263247191,37,square-open,0,64,triang,8,8,0,0
0.5,1,1.35,0.6756756757,0,976,10548,-0.0256141477,39,square-open,0,64,triang,8,8,0,0
0.5,1,1.35,1.2162162162,0,976,10549,-0.0256141477,39,square-open,0,64,triang,8,8,0,0
0.5,1,1.4,0.6578947368,0,1002,10550,-0.0249409062,40,square-open,0,64,triang,8,8,0,0
0.5,1,1.4,1.1842105263,0,1002,10551,-0.0249409062,40,square-open,0,64,triang,8,8,0,0
0.5,1,1.45,0.641025641,0,1029,10552,-0.0243021295,41,square-open,0,64,triang,8,8,0,0
0.5,1,1.45,1.1538461539,0,1029,10553,-0.0243021295,41,square-open,0,64,triang,8,8,0,0
0.5,1,1.5,0.625,0,1055,10554,-0.0236952388,42,square-open,0,64,triang,8,8,0,0
0.5,1,1.5,1.125,0,1055,10555,-0.0236952388,42,square-open,0,64,triang,8,8,0,0
0.5,1,1.55,0.6097560976,0,1081,10556,-0.0231179059,43,square-open,0,64,triang,8,8,0,0
0.5,1,1.55,1.0975609756,0,1081,10557,-0.0231179059,43,square-open,0,64,triang,8,8,0,0
0.5,1,1.6,0.5952380952,0,1108,10558,-0.0225680237,44,square-open,0,64,triang,8,8,0,0
0.5,1,1.6,1.0714285714,0,1108,10559,-0.0225680237,44,square-open,0,64,triang,8,8,0,0
0.5,1,1.65,0.5813953488,0,1134,10560,-0.0220436808,45,square-open,0,64,triang,8,8,0,0
0.5,1,1.65,1.0465116279,0,1134,10561,-0.0220436808,45,square-open,0,64,triang,8,8,0,0
0.5,1,1.7,0.5681818182,0,1160,10562,-0.0215431391,46,square-open,0,64,triang,8,8,0,0
0.5,1,1.7,1.0227272727,0,1160,10563,-0.0215431391,46,square-open,0,64,triang,8,8,0,0
0.5,1,1.7,1.4772727273,0,1160,10564,-0.0215431391,46,square-open,0,64,triang,8,8,0,0
0.5,1,1.75,0.5555555556,0,1187,10565,-0.0210648146,47,square-open,0,64,triang,8,8,0,0
0.5,1,1.75,1,0,1187,10566,-0.0210648146,47,square-open,0,64,triang,8,8,0,0
0.5,1,1.75,1.4444444444,0,1187,10567,-0.0210648146,47,square-open,0,64,triang,8,8,0,0
0.5,1,1.8,0.5434782609,0,1213,10568,-0.0206072609,48,square-open,0,64,triang,8,8,0,0
0.5,1,1.8,0.9782608696,0,1213,10569,-0.0206072609,48,square-open,0,64,triang,8,8,0,0
0.5,1,1.8,1.4130434783,0,1213,10570,-0.0206072609,48,square-open,0,64,triang,8,8,0,0
0.5,1,1.85,0.5319148936,0,1240,10571,-0.0201691543,49,square-open,0,64,triang,8,8,0,0
0.5,1,1.85,0.9574468085,0,1240,10572,-0.0201691543,49,square-open,0,64,triang,8,8,0,0
0.5,1,1.85,1.3829787234,0,1240,10573,-0.0201691543,49,square-open,0,64,triang,8,8,0,0
0.5,1,1.9,0.5208333333,0,1266,10574,-0.0197492812,50,square-open,0,64,triang,8,8,0,0
0.5,1,1.9,0.9375,0,1266,10575,-0.0197492812,50,square-open,0,64,triang,8,8,0,0
0.5,1,1.9,1.3541666667,0,1266,10576,-0.0197492812,50,square-open,0,64,triang,8,8,0,0
0.5,1,1.95,0.5102040816,0,1292,10577,-0.0193465269,51,square-open,0,64,triang,8,8,0,0
0.5,1,1.95,0.9183673469,0,1292,10578,-0.0193465269,51,square-open,0,64,triang,8,8,0,0
0.5,1,1.95,1.3265306122,0,1292,10579,-0.0193465269,51,square-open,0,64,triang,8,8,0,0
0.5,1,2,0.9,0,1319,10580,-0.0189598658,52,square-open,0,64,triang,8,8,0,0
0.5,1,2,1.3,0,1319,10581,-0.0189598658,52,square-open,0,64,triang,8,8,0,0
0.5,0.1,0,0.5,0,221,10582,-0.1129084175,8,square-open,0,64,triang,8,8,0,0
0.5,0.1,0.35,1.4705882353,0,427,10583,-0.0585731385,17,square-open,0,64,triang,8,8,0,0
0.5,0.1,0.4,1.3888888889,0,455,10584,-0.0550036842,18,square-open,0,64,triang,8,8,0,0
0.5,0.1,0.45,1.3157894737,0,535,10585,-0.0466902823,21,square-open,0,64,triang,8,8,0,0
0.5,0.1,0.5,1.25,0,1029,10586,-0.0242985227,41,square-open,0,64,triang,8,8,0,0
0.5,0.1,0.55,1.1904761905,0,6495,10587,-0.0038491295,259,square-open,0,64,triang,8,8,0,0
0.25,1,0,0.75,0,129,10588,-0.1942611947,5,square-periodic,0,49,triang,7,7,0,0
0.25,1,0.45,1.2068965517,0,180,10589,-0.1389508245,7,square-periodic,0,49,triang,7,7,0,0
0.25,1,0.5,1.1666666667,0,186,10590,-0.1346200146,7,square-periodic,0,49,triang,7,7,0,0
0.25,1,0.55,1.1290322581,0,192,10591,-0.1305422131,7,square-periodic,0,49,triang,7,7,0,0
0.25,1,0.6,1.09375,0,197,10592,-0.1266966414,7,square-periodic,0,49,triang,7,7,0,0
0.25,1,0.65,1.0606060606,0,203,10593,-0.1230646491,8,square-periodic,0,49,triang,7,7,0,0
0.25,1,0.7,1.0294117647,0,209,10594,-0.11962946,8,square-periodic,0,49,triang,7,7,0,0
0.25,1,0.75,1,0,215,10595,-0.1163759527,8,square-periodic,0,49,triang,7,7,0,0
0.25,1,0.8,0.9722222222,0,221,10596,-0.1132904684,8,square-periodic,0,49,triang,7,7,0,0
0.25,1,0.85,0.9459459459,0,227,10597,-0.110360645,9,square-periodic,0,49,triang,7,7,0,0
0.25,1,0.9,0.9210526316,0,232,10598,-0.1075752712,9,square-periodic,0,49,triang,7,7,0,0
0.25,1,0.95,0.8974358974,0,238,10599,-0.1049241601,9,square-periodic,0,49,triang,7,7,0,0
0.25,1,1,0.875,0,244,10600,-0.1023980376,9,square-periodic,0,49,triang,7,7,0,0
0.25,1,1.05,0.8536585366,0,250,10601,-0.0999884457,10,square-periodic,0,49,triang,7,7,0,0
0.25,1,1.1,0.8333333333,0,256,10602,-0.0976876561,10,square-periodic,0,49,triang,7,7,0,0
0.25,1,1.15,0.8139534884,0,262,10603,-0.0954885957,10,square-periodic,0,49,triang,7,7,0,0
0.25,1,1.2,0.7954545455,0,268,10604,-0.0933847796,10,square-periodic,0,49,triang,7,7,0,0
0.25,1,1.25,0.7777777778,0,274,10605,-0.0913702529,10,square-periodic,0,49,triang,7,7,0,0
0.25,1,1.25,1.2222222222,0,274,10606,-0.0913702529,10,square-periodic,0,49,triang,7,7,0,0
0.25,1,1.3,0.7608695652,0,280,10607,-0.0894395382,11,square-periodic,0,49,triang,7,7,0,0
0.25,1,1.3,1.1956521739,0,280,10608,-0.0894395382,11,square-periodic,0,49,triang,7,7,0,0
0.25,1,1.35,1.170212766,0,285,10609,-0.08758759,11,square-periodic,0,49,triang,7,7,0,0
0.25,1,1.4,1.1458333333,0,291,10610,-0.0858097534,11,square-periodic,0,49,triang,7,7,0,0
0.25,1,1.45,1.1224489796,0,297,10611,-0.0841017277,11,square-periodic,0,49,triang,7,7,0,0
0.25,1,1.5,1.1,0,303,10612,-0.0824595342,12,square-periodic,0,49,triang,7,7,0,0
0.05,1,0.75,1,0,742,10613,-0.0336785523,29,square-periodic,0,49,triang,7,7,0,0
0.15,1,0.75,1,0,302,10614,-0.082829151,12,square-periodic,0,49,triang,7,7,0,0
0.25,1,0.75,1,0,215,10615,-0.1163759527,8,square-periodic,0,49,triang,7,7,0,0
0.35,1,0.75,1,0,178,10616,-0.1404522573,7,square-periodic,0,49,triang,7,7,0,0
0.45,1,0.75,1,0,158,10617,-0.1584628948,6,square-periodic,0,49,triang,7,7,0,0
0.55,1,0.75,1,0,145,10618,-0.1723957919,5,square-periodic,0,49,triang,7,7,0,0
0.65,1,0.75,1,0,136,10619,-0.1834720536,5,square-periodic,0,49,triang,7,7,0,0
0.75,1,0.75,1,0,142,10620,-0.175637388,5,square-periodic,0,49,triang,7,7,0,0
0.85,1,0.75,1,0,188,10621,-0.1327200464,7,square-periodic,0,49,triang,7,7,0,0
0.95,1,0.75,1,0,254,10622,-0.09830781,10,square-periodic,0,49,triang,7,7,0,0
0.25,0.1,0.75,1,0,237,10623,-0.1056851493,9,square-periodic,0,49,triang,7,7,0,0
0.25,0.2,0.75,1,0,205,10624,-0.1222176929,8,square-periodic,0,49,triang,7,7,0,0
0.25,0.3,0.75,1,0,209,10625,-0.1196419837,8,square-periodic,0,49,triang,7,7,0,0
0.25,0.4,0.75,1,0,211,10626,-0.1184334803,8,square-periodic,0,49,triang,7,7,0,0
0.25,0.5,0.75,1,0,212,10627,-0.1177314776,8,square-periodic,0,49,triang,7,7,0,0
0.25,0.6,0.75,1,0,213,10628,-0.1172726284,8,square-periodic,0,49,triang,7,7,0,0
0.25,0.7,0.75,1,0,214,10629,-0.1169492224,8,square-periodic,0,49,triang,7,7,0,0
0.25,0.8,0.75,1,0,214,10630,-0.116708992,8,square-periodic,0,49,triang,7,7,0,0
0.25,0.9,0.75,1,0,215,10631,-0.1165235016,8,square-periodic,0,49,triang,7,7,0,0
0.25,1.1,0.75,1,0,215,10632,-0.1162557832,8,square-periodic,0,49,triang,7,7,0,0
0.25,1.2,0.75,1,0,215,10633,-0.1161560187,8,square-periodic,0,49,triang,7,7,0,0
0.25,1.3,0.75,1,0,215,10634,-0.1160718683,8,square-periodic,0,49,triang,7,7,0,0
0.25,1.4,0.75,1,0,216,10635,-0.1159999323,8,square-periodic,0,49,triang,7,7,0,0
0.25,1.5,0.75,1,0,216,10636,-0.1159377311,8,square-periodic,0,49,triang,7,7,0,0
0.25,1.6,0.75,1,0,216,10637,-0.1158834138,8,square-periodic,0,49,triang,7,7,0,0
0.25,1.7,0.75,1,0,216,10638,-0.1158355707,8,square-periodic,0,49,triang,7,7,0,0
0.25,1.8,0.75,1,0,216,10639,-0.1157931094,8,square-periodic,0,49,triang,7,7,0,0
0.25,1.9,0.75,1,0,216,10640,-0.1157551701,8,square-periodic,0,49,triang,7,7,0,0
0.25,2,0.75,1,0,216,10641,-0.115721067,8,square-periodic,0,49,triang,7,7,0,0
0.05,1,0.75,1,0,2297,10642,-0.0108854448,91,square-open,0,49,triang,7,7,0,0
0.15,1,0.75,1,0,955,10643,-0.0261678829,38,square-open,0,49,triang,7,7,0,0
0.25,1,0.75,1,0,688,10644,-0.0363259913,27,square-open,0,49,triang,7,7,0,0
0.35,1,0.75,1,0,574,10645,-0.0435415723,22,square-open,0,49,triang,7,7,0,0
0.45,1,0.75,1,0,511,10646,-0.0489217956,20,square-open,0,49,triang,7,7,0,0
0.55,1,0.75,1,0,471,10647,-0.0530837506,18,square-open,0,49,triang,7,7,0,0
0.65,1,0.75,1,0,443,10648,-0.0563971485,17,square-open,0,49,triang,7,7,0,0
0.75,1,0.75,1,0,423,10649,-0.0590964595,16,square-open,0,49,triang,7,7,0,0
0.85,1,0.75,1,0,610,10650,-0.0410094546,24,square-open,0,49,triang,7,7,0,0
0.95,1,0.75,1,0,5341,10651,-0.004680965,213,square-open,0,49,triang,7,7,0,0
0.25,1,0,0.75,0,399,10652,-0.0626466248,15,square-open,0,49,triang,7,7,0,0
0.25,1,0.45,1.2068965517,0,572,10653,-0.0436986207,22,square-open,0,49,triang,7,7,0,0
0.25,1,0.5,1.1666666667,0,591,10654,-0.042270843,23,square-open,0,49,triang,7,7,0,0
0.25,1,0.55,1.1290322581,0,611,10655,-0.0409325607,24,square-open,0,49,triang,7,7,0,0
0.25,1,0.6,1.09375,0,630,10656,-0.0396756898,25,square-open,0,49,triang,7,7,0,0
0.25,1,0.65,1.0606060606,0,649,10657,-0.0384930828,25,square-open,0,49,triang,7,7,0,0
0.25,1,0.7,1.0294117647,0,669,10658,-0.0373783983,26,square-open,0,49,triang,7,7,0,0
0.25,1,0.8,0.9722222222,0,708,10659,-0.035330821,28,square-open,0,49,triang,7,7,0,0
0.25,1,0.85,0.9459459459,0,727,10660,-0.0343883725,29,square-open,0,49,triang,7,7,0,0
0.25,1,0.9,0.9210526316,0,746,10661,-0.0334945905,29,square-open,0,49,triang,7,7,0,0
0.25,1,0.95,0.8974358974,0,766,10662,-0.0326458228,30,square-open,0,49,triang,7,7,0,0
0.25,1,1,0.875,0,785,10663,-0.0318387714,31,square-open,0,49,triang,7,7,0,0
0.25,1,1.05,0.8536585366,0,805,10664,-0.0310704511,32,square-open,0,49,triang,7,7,0,0
0.25,1,1.1,0.8333333333,0,824,10665,-0.0303381533,32,square-open,0,49,triang,7,7,0,0
0.25,1,1.15,0.8139534884,0,843,10666,-0.0296394152,33,square-open,0,49,triang,7,7,0,0
0.25,1,1.2,0.7954545455,0,863,10667,-0.0289719922,34,square-open,0,49,triang,7,7,0,0
0.25,1,1.25,0.7777777778,0,882,10668,-0.0283338345,35,square-open,0,49,triang,7,7,0,0
0.25,1,1.25,1.2222222222,0,882,10669,-0.0283338345,35,square-open,0,49,triang,7,7,0,0
0.25,1,1.3,0.7608695652,0,902,10670,-0.0277230669,36,square-open,0,49,triang,7,7,0,0
0.25,1,1.3,1.1956521739,0,902,10671,-0.0277230669,36,square-open,0,49,triang,7,7,0,0
0.25,1,1.35,1.170212766,0,921,10672,-0.0271379701,36,square-open,0,49,triang,7,7,0,0
0.25,1,1.4,1.1458333333,0,941,10673,-0.0265769654,37,square-open,0,49,triang,7,7,0,0
0.25,1,1.45,1.1224489796,0,960,10674,-0.0260386003,38,square-open,0,49,triang,7,7,0,0
0.25,1,1.5,1.1,0,980,10675,-0.0255215364,39,square-open,0,49,triang,7,7,0,0
0.25,0.1,0.75,1,0,667,10676,-0.0375031234,26,square-open,0,49,triang,7,7,0,0
0.25,0.2,0.75,1,0,679,10677,-0.0368305878,27,square-open,0,49,triang,7,7,0,0
0.25,0.3,0.75,1,0,683,10678,-0.0366169383,27,square-open,0,49,triang,7,7,0,0
0.25,0.4,0.75,1,0,685,10679,-0.036511959,27,square-open,0,49,triang,7,7,0,0
0.25,0.5,0.75,1,0,686,10680,-0.0364495468,27,square-open,0,49,triang,7,7,0,0
0.25,0.6,0.75,1,0,687,10681,-0.036408175,27,square-open,0,49,triang,7,7,0,0
0.25,0.7,0.75,1,0,687,10682,-0.0363787384,27,square-open,0,49,triang,7,7,0,0
0.25,0.8,0.75,1,0,688,10683,-0.0363567233,27,square-open,0,49,triang,7,7,0,0
0.25,0.9,0.75,1,0,688,10684,-0.0363396371,27,square-open,0,49,triang,7,7,0,0
0.25,1.1,0.75,1,0,688,10685,-0.0363148418,27,square-open,0,49,triang,7,7,0,0
0.25,1.2,0.75,1,0,689,10686,-0.0363055609,27,square-open,0,49,triang,7,7,0,0
0.25,1.3,0.75,1,0,689,10687,-0.0362977153,27,square-open,0,49,triang,7,7,0,0
0.25,1.4,0.75,1,0,689,10688,-0.0362909958,27,square-open,0,49,triang,7,7,0,0
0.25,1.5,0.75,1,0,689,10689,-0.0362851763,27,square-open,0,49,triang,7,7,0,0
0.25,1.6,0.75,1,0,689,10690,-0.0362800873,27,square-open,0,49,triang,7,7,0,0
0.25,1.7,0.75,1,0,689,10691,-0.0362755994,27,square-open,0,49,triang,7,7,0,0
0.25,1.8,0.75,1,0,689,10692,-0.036271612,27,square-open,0,49,triang,7,7,0,0
0.25,1.9,0.75,1,0,689,10693,-0.0362680458,27,square-open,0,49,triang,7,7,0,0
0.25,2,0.75,1,0,689,10694,-0.0362648374,27,square-open,0,49,triang,7,7,0,0
