for N=3 oscillators in a 1D ring topology,,,,,,,,,,,,
coupling strength K  [Hz],filter_cutoff f_c  [Hz],delay [s],Omega [Hz],m-twist-state,Tsim ~= - 25 / Re(lambda),paramSet id,Re(\lambda),Zeitproxy 1. simulation [sek],topology,diff. const. c,# oscis,coupling function
K,Fc,delay,Fomeg,m,Tsim,id,ReLambda,SimSeconds,topology,c,N,couplingfct
0.25,0.1,0.44,1.2153071454,0,120,4,-0.2007,6,ring,0,3,triang
0.25,0.1,0.53,1.143846576,0,132,5,-0.1793,6.6,ring,0,3,triang
0.25,0.1,0.66,1.054242343,0,153,6,-0.1509,7.65,ring,0,3,triang
0.25,0.1,0.8,0.9722775473,0,181,7,-0.1243,9.05,ring,0,3,triang
0.25,0.1,0.92,0.9114803591,0,211,8,-0.1049,10.55,ring,0,3,triang
0.25,0.1,1.04,0.8578451433,0,246,9,-0.08861,12.3,ring,0,3,triang
0.25,0.1,1.16,0.8100986603,0,287,10,-0.07497,14.35,ring,0,3,triang
0.25,0.1,1.29,0.7644211917,0,338,11,-0.06299,16.9,ring,0,3,triang
0.25,0.5,0.44,1.2153071454,0,42,12,-0.8902,2.1,ring,0,3,triang
0.25,0.5,0.53,1.143846576,0,46,13,-0.7824,2.3,ring,0,3,triang
0.25,0.5,0.66,1.054242343,0,50,14,-0.6591,2.5,ring,0,3,triang
0.25,0.5,0.8,0.9722775473,0,56,15,-0.5606,2.8,ring,0,3,triang
0.25,0.5,0.92,0.9114803591,0,60,16,-0.4968,3,ring,0,3,triang
0.25,0.5,1.04,0.8578451433,0,65,17,-0.4469,3.25,ring,0,3,triang
0.25,0.5,1.16,0.8100986603,0,69,18,-0.4069,3.45,ring,0,3,triang
0.25,0.5,1.29,0.7644211917,0,74,19,-0.3722,3.7,ring,0,3,triang
0.25,1,0.44,1.2153071454,0,34,20,-1.481,1.7,ring,0,3,triang
0.25,1,0.53,1.143846576,0,36,21,-1.258,1.8,ring,0,3,triang
0.25,1,0.66,1.054242343,0,40,22,-1.02,2,ring,0,3,triang
0.25,1,0.8,0.9722775473,0,44,23,-0.839,2.2,ring,0,3,triang
0.25,1,0.92,0.9114803591,0,48,24,-0.7249,2.4,ring,0,3,triang
0.25,1,1.04,0.8578451433,0,65,25,-0.4469,3.25,ring,0,3,triang
0.25,1,1.16,0.8100986603,0,69,26,-0.4069,3.45,ring,0,3,triang
0.25,1,1.29,0.7644211917,0,74,27,-0.3722,3.7,ring,0,3,triang
0.25,5,0.44,1.2153071454,0,28,28,-2.539,1.4,ring,0,3,triang
0.25,5,0.53,1.143846576,0,30,29,-2.003,1.5,ring,0,3,triang
0.25,5,0.66,1.054242343,0,33,30,-1.508,1.65,ring,0,3,triang
0.25,5,0.8,0.9722775473,0,37,31,-1.174,1.85,ring,0,3,triang
0.25,5,0.92,0.9114803591,0,60,32,-0.4968,3,ring,0,3,triang
0.25,5,1.04,0.8578451433,0,65,33,-0.4469,3.25,ring,0,3,triang
0.25,5,1.16,0.8100986603,0,69,34,-0.4069,3.45,ring,0,3,triang
0.25,5,1.29,0.7644211917,0,74,35,-0.3722,3.7,ring,0,3,triang
0.25,10,0.44,1.2153071454,0,28,36,-2.539,1.4,ring,0,3,triang
0.25,10,0.53,1.143846576,0,30,37,-2.003,1.5,ring,0,3,triang
0.25,10,0.66,1.054242343,0,33,38,-1.508,1.65,ring,0,3,triang
0.25,10,0.8,0.9722775473,0,37,39,-1.174,1.85,ring,0,3,triang
0.25,10,0.92,0.9114803591,0,60,40,-0.4968,3,ring,0,3,triang
0.25,10,1.04,0.8578451433,0,65,41,-0.4469,3.25,ring,0,3,triang
0.25,10,1.16,0.8100986603,0,69,42,-0.4069,3.45,ring,0,3,triang
0.25,10,1.29,0.7644211917,0,74,43,-0.3722,3.7,ring,0,3,triang
0.25,100,0.44,1.2153071454,0,27,44,-2.86,1.35,ring,0,3,triang
0.25,100,0.53,1.143846576,0,29,45,-2.217,1.45,ring,0,3,triang
0.25,100,0.66,1.054242343,0,32,46,-1.641,1.6,ring,0,3,triang
0.25,100,0.8,0.9722775473,0,36,47,-1.261,1.8,ring,0,3,triang
0.25,100,0.92,0.9114803591,0,39,48,-1.042,1.95,ring,0,3,triang
0.25,100,1.04,0.8578451433,0,43,49,-0.8832,2.15,ring,0,3,triang
0.25,100,1.16,0.8100986603,0,46,50,-0.7632,2.3,ring,0,3,triang
0.25,100,1.29,0.7644211917,0,50,51,-0.6633,2.5,ring,0,3,triang
0.3,5,1.4,0.7088761165,0,57,52,-0.54,2.85,ring,0,3,triang
0.3,5,1.4,1.1568972813,0,57,53,-0.54,2.85,ring,0,3,triang
0.3,5,1.45,1.1314324904,0,63,54,-0.46,3.15,ring,0,3,triang
0.25,0.1,0.41,1.2410902462,0,116,55,-0.2081,5.8,ring,0,3,triang
0.25,0.1,0.47,1.1904789743,0,123,56,-0.1934,6.15,ring,0,3,triang
0.25,0.1,0.5,1.1667648878,0,127,57,-0.1863,6.35,ring,0,3,triang
0.25,0.1,0.57,1.1147212214,0,138,58,-0.1702,6.9,ring,0,3,triang
0.25,0.1,1.22,0.7884535881,0,309,59,-0.0691,15.45,ring,0,3,triang
0.25,0.1,1.25,0.7777902069,0,321,60,-0.06642,16.05,ring,0,3,triang
0.25,0.1,1.33,0.7512113314,0,354,61,-0.05988,17.7,ring,0,3,triang
0.25,0.1,1.4,1.1459155903,0,384,62,-0.05491,19.2,ring,0,3,triang
0.25,0.1,1.45,1.1225198136,0,406,63,-0.05179,20.3,ring,0,3,triang
0.25,0.5,0.41,1.2410902462,0,42,64,-0.9292,2.1,ring,0,3,triang
0.25,0.5,0.47,1.1904789743,0,43,65,-0.852,2.15,ring,0,3,triang
0.25,0.5,0.5,1.1667648878,0,45,66,-0.8162,2.25,ring,0,3,triang
0.25,0.5,0.57,1.1147212214,0,47,67,-0.7407,2.35,ring,0,3,triang
0.25,0.5,1.22,0.7884535881,0,71,68,-0.3898,3.55,ring,0,3,triang
0.25,0.5,1.25,0.7777902069,0,72,69,-0.382,3.6,ring,0,3,triang
0.25,0.5,1.33,0.7512113314,0,75,70,-0.3627,3.75,ring,0,3,triang
0.25,0.5,1.4,1.1459155903,0,78,71,-0.3477,3.9,ring,0,3,triang
0.25,0.5,1.45,1.1225198136,0,79,72,-0.3377,3.95,ring,0,3,triang
0.25,0.1,1.25,1.2224691179,0,321,73,-0.06642,16.05,ring,0,3,triang
0.25,0.1,1.33,1.180133903,0,354,74,-0.05988,17.7,ring,0,3,triang
0.25,0.5,1.25,1.2224691179,0,72,75,-0.382,3.6,ring,0,3,triang
0.25,0.5,1.33,1.180133903,0,75,76,-0.3627,3.75,ring,0,3,triang
0.25,0.1,1.29,1.2011423555,0,338,77,-0.06299,16.9,ring,0,3,triang
0.25,0.5,1.29,1.2011423555,0,74,78,-0.3722,3.7,ring,0,3,triang
0.25,1,1.29,1.2011423555,0,74,79,-0.3722,3.7,ring,0,3,triang
0.25,5,1.29,1.2011423555,0,74,80,-0.3722,3.7,ring,0,3,triang
0.25,10,1.29,1.2011423555,0,74,81,-0.3722,3.7,ring,0,3,triang
0.25,100,1.29,1.2011423555,0,50,82,-0.6633,2.5,ring,0,3,triang
0.3,5,1.48,1.1166310807,0,63,83,-0.46,3.15,ring,0,3,triang
0.3,5,1.52,1.0976916425,0,63,84,-0.46,3.15,ring,0,3,triang
0.3,5,1.56,1.079388824,0,63,85,-0.46,3.15,ring,0,3,triang
0.3,5,1.6,1.0615634704,0,63,86,-0.46,3.15,ring,0,3,triang
0.05,0.1,0.5,1.0454888212,0,90,87,-0.286,4.5,ring,0,3,triang
0.05,0.1,0.53,1.0397592432,0,90,88,-0.284,4.5,ring,0,3,triang
0.05,0.1,0.57,1.0322789609,0,91,89,-0.282,4.55,ring,0,3,triang
0.05,0.1,0.61,1.0249578335,0,92,90,-0.279,4.6,ring,0,3,triang
0.05,0.1,0.66,1.0158860018,0,92,91,-0.276,4.6,ring,0,3,triang
0.05,0.1,0.74,1.0017212118,0,94,92,-0.27,4.7,ring,0,3,triang
0.05,0.1,0.8,0.9913761405,0,95,93,-0.266,4.75,ring,0,3,triang
0.05,0.1,0.92,0.9713226177,0,98,94,-0.258,4.9,ring,0,3,triang
0.05,0.1,0.96,0.964797265,0,98,95,-0.256,4.9,ring,0,3,triang
0.05,0.1,1,0.9582719124,0,98,96,-0.258,4.9,ring,0,3,triang
0.05,0.1,1.04,0.9520648696,0,100,97,-0.25,5,ring,0,3,triang
0.05,0.1,1.45,1.0466029058,0,110,98,-0.2226,5.5,ring,0,3,triang
0.05,0.1,1.48,1.0416691025,0,114,99,-0.213,5.7,ring,0,3,triang
0.05,0.1,1.52,1.0353029048,0,114,100,-0.213,5.7,ring,0,3,triang
0.05,0.1,1.56,1.0289367071,0,114,101,-0.213,5.7,ring,0,3,triang
0.05,0.1,1.6,1.0227296643,0,114,102,-0.213,5.7,ring,0,3,triang
0.05,0.1,1.64,1.0165226215,0,116,103,-0.208,5.8,ring,0,3,triang
0.05,0.1,1.68,1.0104747337,0,116,104,-0.208,5.8,ring,0,3,triang
0.1,0.1,0.46,1.0980099524,0,96,105,-0.264,4.8,ring,0,3,triang
0.1,0.1,0.5,1.0833676976,0,101,106,-0.246,5.05,ring,0,3,triang
0.1,0.1,0.53,1.0725451615,0,101,107,-0.246,5.05,ring,0,3,triang
0.1,0.1,0.57,1.0585395265,0,101,108,-0.246,5.05,ring,0,3,triang
0.1,0.1,0.61,1.0450113563,0,101,109,-0.246,5.05,ring,0,3,triang
0.1,0.1,0.66,1.0284592423,0,109,110,-0.225,5.45,ring,0,3,triang
0.1,0.1,0.74,1.0031536063,0,109,111,-0.225,5.45,ring,0,3,triang
0.1,0.1,0.8,0.9848507879,0,109,112,-0.225,5.45,ring,0,3,triang
0.1,0.1,0.92,0.9503141652,0,117,113,-0.207,5.85,ring,0,3,triang
0.1,0.1,0.96,1.0984874172,0,117,114,-0.207,5.85,ring,0,3,triang
0.1,0.1,1,0.928509938,0,124,115,-0.193,6.2,ring,0,3,triang
0.1,0.1,1.04,0.9180057118,0,124,116,-0.193,6.2,ring,0,3,triang
0.1,0.1,1.1,0.9027268372,0,124,117,-0.193,6.2,ring,0,3,triang
0.1,0.1,1.37,1.0981691073,0,139,118,-0.168,6.95,ring,0,3,triang
0.1,0.1,1.4,1.0897338954,0,146,119,-0.159,7.3,ring,0,3,triang
0.1,0.1,1.45,1.0758874153,0,146,120,-0.159,7.3,ring,0,3,triang
0.1,0.1,1.48,1.0677705132,0,146,121,-0.159,7.3,ring,0,3,triang
0.1,0.1,1.52,1.057266287,0,153,122,-0.15,7.65,ring,0,3,triang
0.1,0.1,1.56,1.0467620607,0,153,123,-0.15,7.65,ring,0,3,triang
0.1,0.1,1.6,1.0365761444,0,153,124,-0.15,7.65,ring,0,3,triang
0.15,0.1,0.44,1.1470296749,0,104,125,-0.239,5.2,ring,0,3,triang
0.15,0.1,0.47,1.1311141806,0,104,126,-0.239,5.2,ring,0,3,triang
0.15,0.1,0.5,1.1153578412,0,116,127,-0.208,5.8,ring,0,3,triang
0.15,0.1,0.53,1.1000789667,0,116,128,-0.208,5.8,ring,0,3,triang
0.15,0.1,0.57,1.0805029087,0,116,129,-0.208,5.8,ring,0,3,triang
0.15,0.1,0.61,1.0614043155,0,116,130,-0.208,5.8,ring,0,3,triang
0.15,0.1,0.66,1.0386451586,0,116,131,-0.208,5.8,ring,0,3,triang
0.15,0.1,0.74,1.004108536,0,126,132,-0.188,6.3,ring,0,3,triang
0.15,0.1,0.8,0.9797578297,0,126,133,-0.188,6.3,ring,0,3,triang
0.15,0.1,0.92,0.9342395159,0,144,134,-0.161,7.2,ring,0,3,triang
0.15,0.1,0.96,0.920074726,0,144,135,-0.161,7.2,ring,0,3,triang
0.15,0.1,1,0.906228246,0,144,136,-0.161,7.2,ring,0,3,triang
0.15,0.1,1.04,0.8927000758,0,160,137,-0.143,8,ring,0,3,triang
0.15,0.1,1.1,0.8736014826,0,160,138,-0.143,8,ring,0,3,triang
0.15,0.1,1.16,0.8549803543,0,160,139,-0.143,8,ring,0,3,triang
0.15,0.1,1.33,1.1401860123,0,174,140,-0.13,8.7,ring,0,3,triang
0.15,0.1,1.37,1.1252254477,0,202,141,-0.11,10.1,ring,0,3,triang
0.15,0.1,1.4,1.1142437566,0,202,142,-0.11,10.1,ring,0,3,triang
0.15,0.1,1.45,1.096259248,0,202,143,-0.11,10.1,ring,0,3,triang
0.15,0.1,1.48,1.0859141767,0,202,144,-0.11,10.1,ring,0,3,triang
0.15,0.1,1.52,1.0722268516,0,202,145,-0.11,10.1,ring,0,3,triang
0.15,0.1,1.56,1.0590169913,0,202,146,-0.11,10.1,ring,0,3,triang
0.15,0.1,1.6,1.045966286,0,202,147,-0.11,10.1,ring,0,3,triang
0.2,0.1,0.44,1.1833170019,0,115,148,-0.21,5.75,ring,0,3,triang
0.2,0.1,0.47,1.1627860142,0,115,149,-0.21,5.75,ring,0,3,triang
0.2,0.1,0.5,1.1427324914,0,115,150,-0.21,5.75,ring,0,3,triang
0.2,0.1,0.53,1.1234747433,0,150,151,-0.154,7.5,ring,0,3,triang
0.2,0.1,0.57,1.0988057271,0,150,152,-0.154,7.5,ring,0,3,triang
0.2,0.1,0.61,1.0752507955,0,150,153,-0.154,7.5,ring,0,3,triang
0.2,0.1,0.66,1.0470803706,0,150,154,-0.154,7.5,ring,0,3,triang
0.2,0.1,0.74,1.0049043107,0,150,155,-0.154,7.5,ring,0,3,triang
0.2,0.1,0.8,0.9756198012,0,150,156,-0.154,7.5,ring,0,3,triang
0.2,0.1,0.92,0.9216662754,0,180,157,-0.125,9,ring,0,3,triang
0.2,0.1,0.96,0.9049550064,0,180,158,-0.125,9,ring,0,3,triang
0.2,0.1,1,0.8888803572,0,180,159,-0.125,9,ring,0,3,triang
0.2,0.1,1.04,0.8732831727,0,226,160,-0.097,11.3,ring,0,3,triang
0.2,0.1,1.1,0.8511606357,0,226,161,-0.097,11.3,ring,0,3,triang
0.2,0.1,1.16,0.8298338733,0,226,162,-0.097,11.3,ring,0,3,triang
0.2,0.1,1.22,0.8097803505,0,226,163,-0.097,11.3,ring,0,3,triang
0.2,0.1,1.25,0.8000718989,0,226,164,-0.097,11.3,ring,0,3,triang
0.2,0.1,1.25,1.199869116,0,226,165,-0.097,11.3,ring,0,3,triang
0.2,0.1,1.29,1.1810888327,0,258,166,-0.084,12.9,ring,0,3,triang
0.2,0.1,1.33,1.1626268593,0,258,167,-0.084,12.9,ring,0,3,triang
0.2,0.1,1.37,1.1452789705,0,258,168,-0.084,12.9,ring,0,3,triang
0.2,0.1,1.4,1.1322282652,0,258,169,-0.084,12.9,ring,0,3,triang
0.2,0.1,1.45,1.1109015028,0,302,170,-0.071,15.1,ring,0,3,triang
0.2,0.1,1.48,1.098964882,0,302,171,-0.071,15.1,ring,0,3,triang
0.2,0.1,1.52,1.0828902328,0,302,172,-0.071,15.1,ring,0,3,triang
0.2,0.1,1.56,1.0674522033,0,302,173,-0.071,15.1,ring,0,3,triang
0.2,0.1,1.6,1.0528099486,0,302,174,-0.071,15.1,ring,0,3,triang
0.3,0.1,0.4,1.283743771,0,142,175,-0.164,7.1,ring,0,3,triang
0.3,0.1,0.44,1.2433184154,0,142,176,-0.164,7.1,ring,0,3,triang
0.3,0.1,0.47,1.2146705257,0,142,177,-0.164,7.1,ring,0,3,triang
0.3,0.1,0.5,1.1874550304,0,142,178,-0.164,7.1,ring,0,3,triang
0.3,0.1,0.53,1.1611944648,0,226,179,-0.097,11.3,ring,0,3,triang
0.3,0.1,0.57,1.1282493916,0,226,180,-0.097,11.3,ring,0,3,triang
0.3,0.1,0.61,1.0868691064,0,226,181,-0.097,11.3,ring,0,3,triang
0.3,0.1,0.66,1.0602902309,0,226,182,-0.097,11.3,ring,0,3,triang
0.3,0.1,0.74,1.0063367052,0,226,183,-0.097,11.3,ring,0,3,triang
0.3,0.1,0.8,0.9692536034,0,226,184,-0.097,11.3,ring,0,3,triang
0.3,0.1,0.92,0.9030451471,0,323,185,-0.066,16.15,ring,0,3,triang
0.3,0.1,0.96,0.8828324693,0,323,186,-0.066,16.15,ring,0,3,triang
0.3,0.1,1,0.8635747212,0,323,187,-0.066,16.15,ring,0,3,triang
0.3,0.1,1.04,0.8451127478,0,508,188,-0.041,25.4,ring,0,3,triang
0.3,0.1,1.1,0.8190113372,0,508,189,-0.041,25.4,ring,0,3,triang
0.3,0.1,1.16,0.794183166,0,508,190,-0.041,25.4,ring,0,3,triang
0.3,0.1,1.16,1.2959987016,0,508,191,-0.041,25.4,ring,0,3,triang
0.3,0.1,1.22,0.7711056993,0,508,192,-0.041,25.4,ring,0,3,triang
0.3,0.1,1.22,1.2581198251,0,508,193,-0.041,25.4,ring,0,3,triang
0.3,0.1,1.25,0.7599648533,0,508,194,-0.041,25.4,ring,0,3,triang
0.3,0.1,1.25,1.2398170067,0,508,195,-0.041,25.4,ring,0,3,triang
0.3,0.1,1.29,0.7456409084,0,665,196,-0.031,33.25,ring,0,3,triang
0.3,0.1,1.29,1.2167395399,0,665,197,-0.031,33.25,ring,0,3,triang
0.3,0.1,1.33,0.7319535833,0,665,198,-0.031,33.25,ring,0,3,triang
0.3,0.1,1.33,1.194298693,0,665,199,-0.031,33.25,ring,0,3,triang
0.3,0.1,1.37,0.7185845681,0,665,200,-0.031,33.25,ring,0,3,triang
0.3,0.1,1.37,1.1724944658,0,665,201,-0.031,33.25,ring,0,3,triang
0.3,0.1,1.4,0.7088761165,0,665,202,-0.031,33.25,ring,0,3,triang
0.3,0.1,1.4,1.1568972813,0,665,203,-0.031,33.25,ring,0,3,triang
0.3,0.1,1.45,1.1314324904,0,890,204,-0.023,44.5,ring,0,3,triang
0.3,0.1,1.48,1.1166310807,0,890,205,-0.023,44.5,ring,0,3,triang
0.3,0.1,1.52,1.0976916425,0,890,206,-0.023,44.5,ring,0,3,triang
0.3,0.1,1.56,1.079388824,0,890,207,-0.023,44.5,ring,0,3,triang
0.3,0.1,1.6,1.0615634704,0,890,208,-0.023,44.5,ring,0,3,triang
0.05,0.5,0.5,1.0454888212,0,49,209,-0.685,2.45,ring,0,3,triang
0.05,0.5,0.53,1.0397592432,0,49,210,-0.685,2.45,ring,0,3,triang
0.05,0.5,0.57,1.0322789609,0,49,211,-0.685,2.45,ring,0,3,triang
0.05,0.5,0.61,1.0249578335,0,49,212,-0.685,2.45,ring,0,3,triang
0.05,0.5,0.66,1.0158860018,0,47,213,-0.753,2.35,ring,0,3,triang
0.05,0.5,0.74,1.0017212118,0,47,214,-0.753,2.35,ring,0,3,triang
0.05,0.5,0.8,0.9913761405,0,43,215,-0.871,2.15,ring,0,3,triang
0.05,0.5,0.92,0.9713226177,0,40,216,-1,2,ring,0,3,triang
0.05,0.5,0.96,0.964797265,0,42,217,-0.919,2.1,ring,0,3,triang
0.05,0.5,1,0.9582719124,0,42,218,-0.919,2.1,ring,0,3,triang
0.05,0.5,1.04,0.9520648696,0,42,219,-0.919,2.1,ring,0,3,triang
0.05,0.5,1.45,1.0466029058,0,49,220,-0.689,2.45,ring,0,3,triang
0.05,0.5,1.48,1.0416691025,0,52,221,-0.625,2.6,ring,0,3,triang
0.05,0.5,1.52,1.0353029048,0,52,222,-0.625,2.6,ring,0,3,triang
0.05,0.5,1.56,1.0289367071,0,52,223,-0.625,2.6,ring,0,3,triang
0.05,0.5,1.6,1.0227296643,0,52,224,-0.625,2.6,ring,0,3,triang
0.05,0.5,1.64,1.0165226215,0,54,225,-0.595,2.7,ring,0,3,triang
0.05,0.5,1.68,1.0104747337,0,54,226,-0.595,2.7,ring,0,3,triang
0.1,0.5,0.46,1.0980099524,0,38,227,-1.123,1.9,ring,0,3,triang
0.1,0.5,0.5,1.0833676976,0,38,228,-1.123,1.9,ring,0,3,triang
0.1,0.5,0.53,1.0725451615,0,38,229,-1.123,1.9,ring,0,3,triang
0.1,0.5,0.57,1.0585395265,0,40,230,-0.997,2,ring,0,3,triang
0.1,0.5,0.61,1.0450113563,0,40,231,-0.997,2,ring,0,3,triang
0.1,0.5,0.66,1.0284592423,0,40,232,-0.997,2,ring,0,3,triang
0.1,0.5,0.74,1.0031536063,0,43,233,-0.876,2.15,ring,0,3,triang
0.1,0.5,0.8,0.9848507879,0,43,234,-0.876,2.15,ring,0,3,triang
0.1,0.5,0.92,0.9503141652,0,47,235,-0.733,2.35,ring,0,3,triang
0.1,0.5,0.96,1.0984874172,0,47,236,-0.733,2.35,ring,0,3,triang
0.1,0.5,1,0.928509938,0,47,237,-0.733,2.35,ring,0,3,triang
0.1,0.5,1.04,0.9180057118,0,50,238,-0.673,2.5,ring,0,3,triang
0.1,0.5,1.1,0.9027268372,0,50,239,-0.673,2.5,ring,0,3,triang
0.1,0.5,1.37,1.0981691073,0,57,240,-0.534,2.85,ring,0,3,triang
0.1,0.5,1.4,1.0897338954,0,57,241,-0.534,2.85,ring,0,3,triang
0.1,0.5,1.45,1.0758874153,0,63,242,-0.465,3.15,ring,0,3,triang
0.1,0.5,1.48,1.0677705132,0,63,243,-0.465,3.15,ring,0,3,triang
0.1,0.5,1.52,1.057266287,0,63,244,-0.465,3.15,ring,0,3,triang
0.1,0.5,1.56,1.0467620607,0,63,245,-0.465,3.15,ring,0,3,triang
0.1,0.5,1.6,1.0365761444,0,63,246,-0.465,3.15,ring,0,3,triang
0.15,0.5,0.44,1.1470296749,0,42,247,-0.901,2.1,ring,0,3,triang
0.15,0.5,0.47,1.1311141806,0,42,248,-0.901,2.1,ring,0,3,triang
0.15,0.5,0.5,1.1153578412,0,42,249,-0.901,2.1,ring,0,3,triang
0.15,0.5,0.53,1.1000789667,0,42,250,-0.901,2.1,ring,0,3,triang
0.15,0.5,0.57,1.0805029087,0,42,251,-0.901,2.1,ring,0,3,triang
0.15,0.5,0.61,1.0614043155,0,42,252,-0.901,2.1,ring,0,3,triang
0.15,0.5,0.66,1.0386451586,0,47,253,-0.736,2.35,ring,0,3,triang
0.15,0.5,0.74,1.004108536,0,47,254,-0.736,2.35,ring,0,3,triang
0.15,0.5,0.8,0.9797578297,0,47,255,-0.736,2.35,ring,0,3,triang
0.15,0.5,0.92,0.9342395159,0,53,256,-0.607,2.65,ring,0,3,triang
0.15,0.5,0.96,0.920074726,0,53,257,-0.607,2.65,ring,0,3,triang
0.15,0.5,1,0.906228246,0,53,258,-0.607,2.65,ring,0,3,triang
0.15,0.5,1.04,0.8927000758,0,58,259,-0.529,2.9,ring,0,3,triang
0.15,0.5,1.1,0.8736014826,0,58,260,-0.529,2.9,ring,0,3,triang
0.15,0.5,1.16,0.8549803543,0,58,261,-0.529,2.9,ring,0,3,triang
0.15,0.5,1.33,1.1401860123,0,65,262,-0.441,3.25,ring,0,3,triang
0.15,0.5,1.37,1.1252254477,0,65,263,-0.441,3.25,ring,0,3,triang
0.15,0.5,1.4,1.1142437566,0,65,264,-0.441,3.25,ring,0,3,triang
0.15,0.5,1.45,1.096259248,0,72,265,-0.386,3.6,ring,0,3,triang
0.15,0.5,1.48,1.0859141767,0,72,266,-0.386,3.6,ring,0,3,triang
0.15,0.5,1.52,1.0722268516,0,72,267,-0.386,3.6,ring,0,3,triang
0.15,0.5,1.56,1.0590169913,0,72,268,-0.386,3.6,ring,0,3,triang
0.15,0.5,1.6,1.045966286,0,72,269,-0.386,3.6,ring,0,3,triang
0.2,0.5,0.44,1.1833170019,0,40,270,-0.981,2,ring,0,3,triang
0.2,0.5,0.47,1.1627860142,0,45,271,-0.791,2.25,ring,0,3,triang
0.2,0.5,0.5,1.1427324914,0,45,272,-0.791,2.25,ring,0,3,triang
0.2,0.5,0.53,1.1234747433,0,45,273,-0.791,2.25,ring,0,3,triang
0.2,0.5,0.57,1.0988057271,0,45,274,-0.791,2.25,ring,0,3,triang
0.2,0.5,0.61,1.0752507955,0,45,275,-0.791,2.25,ring,0,3,triang
0.2,0.5,0.66,1.0470803706,0,51,276,-0.636,2.55,ring,0,3,triang
0.2,0.5,0.74,1.0049043107,0,51,277,-0.636,2.55,ring,0,3,triang
0.2,0.5,0.8,0.9756198012,0,51,278,-0.636,2.55,ring,0,3,triang
0.2,0.5,0.92,0.9216662754,0,59,279,-0.51,2.95,ring,0,3,triang
0.2,0.5,0.96,0.9049550064,0,59,280,-0.51,2.95,ring,0,3,triang
0.2,0.5,1,0.8888803572,0,59,281,-0.51,2.95,ring,0,3,triang
0.2,0.5,1.04,0.8732831727,0,59,282,-0.51,2.95,ring,0,3,triang
0.2,0.5,1.1,0.8511606357,0,66,283,-0.436,3.3,ring,0,3,triang
0.2,0.5,1.16,0.8298338733,0,66,284,-0.436,3.3,ring,0,3,triang
0.2,0.5,1.22,0.8097803505,0,72,285,-0.384,3.6,ring,0,3,triang
0.2,0.5,1.25,0.8000718989,0,72,286,-0.384,3.6,ring,0,3,triang
0.2,0.5,1.25,1.199869116,0,72,287,-0.384,3.6,ring,0,3,triang
0.2,0.5,1.29,1.1810888327,0,72,288,-0.384,3.6,ring,0,3,triang
0.2,0.5,1.33,1.1626268593,0,72,289,-0.384,3.6,ring,0,3,triang
0.2,0.5,1.37,1.1452789705,0,72,290,-0.384,3.6,ring,0,3,triang
0.2,0.5,1.4,1.1322282652,0,72,291,-0.384,3.6,ring,0,3,triang
0.2,0.5,1.45,1.1109015028,0,79,292,-0.34,3.95,ring,0,3,triang
0.2,0.5,1.48,1.098964882,0,79,293,-0.34,3.95,ring,0,3,triang
0.2,0.5,1.52,1.0828902328,0,79,294,-0.34,3.95,ring,0,3,triang
0.2,0.5,1.56,1.0674522033,0,79,295,-0.34,3.95,ring,0,3,triang
0.2,0.5,1.6,1.0528099486,0,79,296,-0.34,3.95,ring,0,3,triang
0.3,0.5,0.4,1.283743771,0,43,297,-0.866,2.15,ring,0,3,triang
0.3,0.5,0.44,1.2433184154,0,47,298,-0.75,2.35,ring,0,3,triang
0.3,0.5,0.47,1.2146705257,0,49,299,-0.7,2.45,ring,0,3,triang
0.3,0.5,0.5,1.1874550304,0,52,300,-0.629,2.6,ring,0,3,triang
0.3,0.5,0.53,1.1611944648,0,52,301,-0.629,2.6,ring,0,3,triang
0.3,0.5,0.57,1.1282493916,0,52,302,-0.629,2.6,ring,0,3,triang
0.3,0.5,0.61,1.0868691064,0,52,303,-0.629,2.6,ring,0,3,triang
0.3,0.5,0.66,1.0602902309,0,60,304,-0.502,3,ring,0,3,triang
0.3,0.5,0.74,1.0063367052,0,60,305,-0.502,3,ring,0,3,triang
0.3,0.5,0.8,0.9692536034,0,60,306,-0.502,3,ring,0,3,triang
0.3,0.5,0.92,0.9030451471,0,72,307,-0.387,3.6,ring,0,3,triang
0.3,0.5,0.96,0.8828324693,0,72,308,-0.387,3.6,ring,0,3,triang
0.3,0.5,1,0.8635747212,0,72,309,-0.387,3.6,ring,0,3,triang
0.3,0.5,1.04,0.8451127478,0,72,310,-0.387,3.6,ring,0,3,triang
0.3,0.5,1.1,0.8190113372,0,72,311,-0.387,3.6,ring,0,3,triang
0.3,0.5,1.16,0.794183166,0,78,312,-0.344,3.9,ring,0,3,triang
0.3,0.5,1.16,1.2959987016,0,78,313,-0.344,3.9,ring,0,3,triang
0.3,0.5,1.22,0.7711056993,0,78,314,-0.344,3.9,ring,0,3,triang
0.3,0.5,1.22,1.2581198251,0,78,315,-0.344,3.9,ring,0,3,triang
0.3,0.5,1.25,0.7599648533,0,78,316,-0.344,3.9,ring,0,3,triang
0.3,0.5,1.25,1.2398170067,0,78,317,-0.344,3.9,ring,0,3,triang
0.3,0.5,1.29,0.7456409084,0,78,318,-0.344,3.9,ring,0,3,triang
0.3,0.5,1.29,1.2167395399,0,78,319,-0.344,3.9,ring,0,3,triang
0.3,0.5,1.33,0.7319535833,0,83,320,-0.316,4.15,ring,0,3,triang
0.3,0.5,1.33,1.194298693,0,83,321,-0.316,4.15,ring,0,3,triang
0.3,0.5,1.37,0.7185845681,0,83,322,-0.316,4.15,ring,0,3,triang
0.3,0.5,1.37,1.1724944658,0,83,323,-0.316,4.15,ring,0,3,triang
0.3,0.5,1.4,0.7088761165,0,83,324,-0.316,4.15,ring,0,3,triang
0.3,0.5,1.4,1.1568972813,0,83,325,-0.316,4.15,ring,0,3,triang
0.3,0.5,1.45,1.1314324904,0,83,326,-0.316,4.15,ring,0,3,triang
0.3,0.5,1.48,1.1166310807,0,88,327,-0.295,4.4,ring,0,3,triang
0.3,0.5,1.52,1.0976916425,0,88,328,-0.295,4.4,ring,0,3,triang
0.3,0.5,1.56,1.079388824,0,88,329,-0.295,4.4,ring,0,3,triang
0.3,0.5,1.6,1.0615634704,0,88,330,-0.295,4.4,ring,0,3,triang
0.05,1,0.5,1.0454888212,0,55,331,-0.577,2.75,ring,0,3,triang
0.05,1,0.53,1.0397592432,0,55,332,-0.577,2.75,ring,0,3,triang
0.05,1,0.57,1.0322789609,0,55,333,-0.577,2.75,ring,0,3,triang
0.05,1,0.61,1.0249578335,0,55,334,-0.577,2.75,ring,0,3,triang
0.05,1,0.66,1.0158860018,0,53,335,-0.607,2.65,ring,0,3,triang
0.05,1,0.74,1.0017212118,0,53,336,-0.607,2.65,ring,0,3,triang
0.05,1,0.8,0.9913761405,0,51,337,-0.643,2.55,ring,0,3,triang
0.05,1,0.92,0.9713226177,0,51,338,-0.643,2.55,ring,0,3,triang
0.05,1,0.96,0.964797265,0,51,339,-0.643,2.55,ring,0,3,triang
0.05,1,1,0.9582719124,0,51,340,-0.643,2.55,ring,0,3,triang
0.05,1,1.04,0.9520648696,0,47,341,-0.741,2.35,ring,0,3,triang
0.05,1,1.45,1.0466029058,0,45,342,-0.799,2.25,ring,0,3,triang
0.05,1,1.48,1.0416691025,0,45,343,-0.799,2.25,ring,0,3,triang
0.05,1,1.52,1.0353029048,0,45,344,-0.799,2.25,ring,0,3,triang
0.05,1,1.56,1.0289367071,0,47,345,-0.752,2.35,ring,0,3,triang
0.05,1,1.6,1.0227296643,0,47,346,-0.752,2.35,ring,0,3,triang
0.05,1,1.64,1.0165226215,0,47,347,-0.752,2.35,ring,0,3,triang
0.05,1,1.68,1.0104747337,0,48,348,-0.709,2.4,ring,0,3,triang
0.1,1,0.46,1.0980099524,0,31,349,-1.893,1.55,ring,0,3,triang
0.1,1,0.5,1.0833676976,0,31,350,-1.893,1.55,ring,0,3,triang
0.1,1,0.53,1.0725451615,0,33,351,-1.505,1.65,ring,0,3,triang
0.1,1,0.57,1.0585395265,0,33,352,-1.505,1.65,ring,0,3,triang
0.1,1,0.61,1.0450113563,0,33,353,-1.505,1.65,ring,0,3,triang
0.1,1,0.66,1.0284592423,0,33,354,-1.505,1.65,ring,0,3,triang
0.1,1,0.74,1.0031536063,0,36,355,-1.25,1.8,ring,0,3,triang
0.1,1,0.8,0.9848507879,0,36,356,-1.25,1.8,ring,0,3,triang
0.1,1,0.92,0.9503141652,0,39,357,-1.08,1.95,ring,0,3,triang
0.1,1,0.96,1.0984874172,0,43,358,-0.887,2.15,ring,0,3,triang
0.1,1,1,0.928509938,0,43,359,-0.887,2.15,ring,0,3,triang
0.1,1,1.04,0.9180057118,0,43,360,-0.887,2.15,ring,0,3,triang
0.1,1,1.1,0.9027268372,0,43,361,-0.887,2.15,ring,0,3,triang
0.1,1,1.37,1.0981691073,0,50,362,-0.669,2.5,ring,0,3,triang
0.1,1,1.4,1.0897338954,0,50,363,-0.669,2.5,ring,0,3,triang
0.1,1,1.45,1.0758874153,0,55,364,-0.57,2.75,ring,0,3,triang
0.1,1,1.48,1.0677705132,0,55,365,-0.57,2.75,ring,0,3,triang
0.1,1,1.52,1.057266287,0,55,366,-0.57,2.75,ring,0,3,triang
0.1,1,1.56,1.0467620607,0,55,367,-0.57,2.75,ring,0,3,triang
0.1,1,1.6,1.0365761444,0,55,368,-0.57,2.75,ring,0,3,triang
0.15,1,0.44,1.1470296749,0,33,369,-1.568,1.65,ring,0,3,triang
0.15,1,0.47,1.1311141806,0,33,370,-1.568,1.65,ring,0,3,triang
0.15,1,0.5,1.1153578412,0,33,371,-1.568,1.65,ring,0,3,triang
0.15,1,0.53,1.1000789667,0,33,372,-1.568,1.65,ring,0,3,triang
0.15,1,0.57,1.0805029087,0,36,373,-1.284,1.8,ring,0,3,triang
0.15,1,0.61,1.0614043155,0,36,374,-1.284,1.8,ring,0,3,triang
0.15,1,0.66,1.0386451586,0,36,375,-1.284,1.8,ring,0,3,triang
0.15,1,0.74,1.004108536,0,39,376,-1.058,1.95,ring,0,3,triang
0.15,1,0.8,0.9797578297,0,39,377,-1.058,1.95,ring,0,3,triang
0.15,1,0.92,0.9342395159,0,44,378,-0.831,2.2,ring,0,3,triang
0.15,1,0.96,0.920074726,0,44,379,-0.831,2.2,ring,0,3,triang
0.15,1,1,0.906228246,0,44,380,-0.831,2.2,ring,0,3,triang
0.15,1,1.04,0.8927000758,0,48,381,-0.702,2.4,ring,0,3,triang
0.15,1,1.1,0.8736014826,0,48,382,-0.702,2.4,ring,0,3,triang
0.15,1,1.16,0.8549803543,0,48,383,-0.702,2.4,ring,0,3,triang
0.15,1,1.33,1.1401860123,0,55,384,-0.565,2.75,ring,0,3,triang
0.15,1,1.37,1.1252254477,0,55,385,-0.565,2.75,ring,0,3,triang
0.15,1,1.4,1.1142437566,0,55,386,-0.565,2.75,ring,0,3,triang
0.15,1,1.45,1.096259248,0,61,387,-0.4828,3.05,ring,0,3,triang
0.15,1,1.48,1.0859141767,0,61,388,-0.4828,3.05,ring,0,3,triang
0.15,1,1.52,1.0722268516,0,61,389,-0.4828,3.05,ring,0,3,triang
0.15,1,1.56,1.0590169913,0,61,390,-0.4828,3.05,ring,0,3,triang
0.15,1,1.6,1.045966286,0,61,391,-0.4828,3.05,ring,0,3,triang
0.2,1,0.44,1.1833170019,0,34,392,-1.393,1.7,ring,0,3,triang
0.2,1,0.47,1.1627860142,0,34,393,-1.393,1.7,ring,0,3,triang
0.2,1,0.5,1.1427324914,0,34,394,-1.393,1.7,ring,0,3,triang
0.2,1,0.53,1.1234747433,0,34,395,-1.393,1.7,ring,0,3,triang
0.2,1,0.57,1.0988057271,0,40,396,-1.01,2,ring,0,3,triang
0.2,1,0.61,1.0752507955,0,40,397,-1.01,2,ring,0,3,triang
0.2,1,0.66,1.0470803706,0,40,398,-1.01,2,ring,0,3,triang
0.2,1,0.74,1.0049043107,0,40,399,-1.01,2,ring,0,3,triang
0.2,1,0.8,0.9756198012,0,45,400,-0.801,2.25,ring,0,3,triang
0.2,1,0.92,0.9216662754,0,45,401,-0.801,2.25,ring,0,3,triang
0.2,1,0.96,0.9049550064,0,49,402,-0.701,2.45,ring,0,3,triang
0.2,1,1,0.8888803572,0,49,403,-0.701,2.45,ring,0,3,triang
0.2,1,1.04,0.8732831727,0,49,404,-0.701,2.45,ring,0,3,triang
0.2,1,1.1,0.8511606357,0,54,405,-0.587,2.7,ring,0,3,triang
0.2,1,1.16,0.8298338733,0,54,406,-0.587,2.7,ring,0,3,triang
0.2,1,1.22,0.8097803505,0,54,407,-0.587,2.7,ring,0,3,triang
0.2,1,1.25,0.8000718989,0,60,408,-0.503,3,ring,0,3,triang
0.2,1,1.25,1.199869116,0,60,409,-0.503,3,ring,0,3,triang
0.2,1,1.29,1.1810888327,0,60,410,-0.503,3,ring,0,3,triang
0.2,1,1.33,1.1626268593,0,60,411,-0.503,3,ring,0,3,triang
0.2,1,1.37,1.1452789705,0,60,412,-0.503,3,ring,0,3,triang
0.2,1,1.4,1.1322282652,0,60,413,-0.503,3,ring,0,3,triang
0.2,1,1.45,1.1109015028,0,66,414,-0.433,3.3,ring,0,3,triang
0.2,1,1.48,1.098964882,0,66,415,-0.433,3.3,ring,0,3,triang
0.2,1,1.52,1.0828902328,0,66,416,-0.433,3.3,ring,0,3,triang
0.2,1,1.56,1.0674522033,0,66,417,-0.433,3.3,ring,0,3,triang
0.2,1,1.6,1.0528099486,0,66,418,-0.433,3.3,ring,0,3,triang
0.3,1,0.4,1.283743771,0,36,419,-1.284,1.8,ring,0,3,triang
0.3,1,0.44,1.2433184154,0,36,420,-1.284,1.8,ring,0,3,triang
0.3,1,0.47,1.2146705257,0,36,421,-1.284,1.8,ring,0,3,triang
0.3,1,0.5,1.1874550304,0,39,422,-1.08,1.95,ring,0,3,triang
0.3,1,0.53,1.1611944648,0,39,423,-1.08,1.95,ring,0,3,triang
0.3,1,0.57,1.1282493916,0,39,424,-1.08,1.95,ring,0,3,triang
0.3,1,0.61,1.0868691064,0,44,425,-0.834,2.2,ring,0,3,triang
0.3,1,0.66,1.0602902309,0,44,426,-0.834,2.2,ring,0,3,triang
0.3,1,0.74,1.0063367052,0,44,427,-0.834,2.2,ring,0,3,triang
0.3,1,0.8,0.9692536034,0,53,428,-0.6153,2.65,ring,0,3,triang
0.3,1,0.92,0.9030451471,0,53,429,-0.6153,2.65,ring,0,3,triang
0.3,1,0.96,0.8828324693,0,53,430,-0.6153,2.65,ring,0,3,triang
0.3,1,1,0.8635747212,0,53,431,-0.6153,2.65,ring,0,3,triang
0.3,1,1.04,0.8451127478,0,63,432,-0.462,3.15,ring,0,3,triang
0.3,1,1.1,0.8190113372,0,63,433,-0.462,3.15,ring,0,3,triang
0.3,1,1.16,0.794183166,0,63,434,-0.462,3.15,ring,0,3,triang
0.3,1,1.16,1.2959987016,0,63,435,-0.462,3.15,ring,0,3,triang
0.3,1,1.22,0.7711056993,0,63,436,-0.462,3.15,ring,0,3,triang
0.3,1,1.22,1.2581198251,0,63,437,-0.462,3.15,ring,0,3,triang
0.3,1,1.25,0.7599648533,0,63,438,-0.462,3.15,ring,0,3,triang
0.3,1,1.25,1.2398170067,0,63,439,-0.462,3.15,ring,0,3,triang
0.3,1,1.29,0.7456409084,0,63,440,-0.462,3.15,ring,0,3,triang
0.3,1,1.29,1.2167395399,0,63,441,-0.462,3.15,ring,0,3,triang
0.3,1,1.33,0.7319535833,0,63,442,-0.462,3.15,ring,0,3,triang
0.3,1,1.33,1.194298693,0,63,443,-0.462,3.15,ring,0,3,triang
0.3,1,1.37,0.7185845681,0,72,444,-0.384,3.6,ring,0,3,triang
0.3,1,1.37,1.1724944658,0,72,445,-0.384,3.6,ring,0,3,triang
0.3,1,1.4,0.7088761165,0,72,446,-0.384,3.6,ring,0,3,triang
0.3,1,1.4,1.1568972813,0,72,447,-0.384,3.6,ring,0,3,triang
0.3,1,1.45,1.1314324904,0,72,448,-0.384,3.6,ring,0,3,triang
0.3,1,1.48,1.1166310807,0,72,449,-0.384,3.6,ring,0,3,triang
0.3,1,1.52,1.0976916425,0,72,450,-0.384,3.6,ring,0,3,triang
0.3,1,1.56,1.079388824,0,72,451,-0.384,3.6,ring,0,3,triang
0.3,1,1.6,1.0615634704,0,72,452,-0.384,3.6,ring,0,3,triang
0.05,5,0.5,1.0454888212,0,58,453,-0.528,2.9,ring,0,3,triang
0.05,5,0.53,1.0397592432,0,58,454,-0.528,2.9,ring,0,3,triang
0.05,5,0.57,1.0322789609,0,58,455,-0.528,2.9,ring,0,3,triang
0.05,5,0.61,1.0249578335,0,58,456,-0.528,2.9,ring,0,3,triang
0.05,5,0.66,1.0158860018,0,56,457,-0.55,2.8,ring,0,3,triang
0.05,5,0.74,1.0017212118,0,56,458,-0.55,2.8,ring,0,3,triang
0.05,5,0.8,0.9913761405,0,55,459,-0.573,2.75,ring,0,3,triang
0.05,5,0.92,0.9713226177,0,55,460,-0.573,2.75,ring,0,3,triang
0.05,5,0.96,0.964797265,0,55,461,-0.573,2.75,ring,0,3,triang
0.05,5,1,0.9582719124,0,52,462,-0.618,2.6,ring,0,3,triang
0.05,5,1.04,0.9520648696,0,52,463,-0.618,2.6,ring,0,3,triang
0.05,5,1.45,1.0466029058,0,42,464,-0.922,2.1,ring,0,3,triang
0.05,5,1.48,1.0416691025,0,42,465,-0.922,2.1,ring,0,3,triang
0.05,5,1.52,1.0353029048,0,45,466,-0.807,2.25,ring,0,3,triang
0.05,5,1.56,1.0289367071,0,45,467,-0.807,2.25,ring,0,3,triang
0.05,5,1.6,1.0227296643,0,45,468,-0.807,2.25,ring,0,3,triang
0.05,5,1.64,1.0165226215,0,45,469,-0.807,2.25,ring,0,3,triang
0.05,5,1.68,1.0104747337,0,45,470,-0.807,2.25,ring,0,3,triang
0.1,5,0.46,1.0980099524,0,36,471,-1.23,1.8,ring,0,3,triang
0.1,5,0.5,1.0833676976,0,36,472,-1.23,1.8,ring,0,3,triang
0.1,5,0.53,1.0725451615,0,36,473,-1.23,1.8,ring,0,3,triang
0.1,5,0.57,1.0585395265,0,35,474,-1.378,1.75,ring,0,3,triang
0.1,5,0.61,1.0450113563,0,35,475,-1.378,1.75,ring,0,3,triang
0.1,5,0.66,1.0284592423,0,32,476,-1.644,1.6,ring,0,3,triang
0.1,5,0.74,1.0031536063,0,31,477,-1.844,1.55,ring,0,3,triang
0.1,5,0.8,0.9848507879,0,34,478,-1.389,1.7,ring,0,3,triang
0.1,5,0.92,0.9503141652,0,34,479,-1.389,1.7,ring,0,3,triang
0.1,5,0.96,1.0984874172,0,36,480,-1.244,1.8,ring,0,3,triang
0.1,5,1,0.928509938,0,36,481,-1.244,1.8,ring,0,3,triang
0.1,5,1.04,0.9180057118,0,38,482,-1.1,1.9,ring,0,3,triang
0.1,5,1.1,0.9027268372,0,38,483,-1.1,1.9,ring,0,3,triang
0.1,5,1.37,1.0981691073,0,45,484,-0.795,2.25,ring,0,3,triang
0.1,5,1.4,1.0897338954,0,45,485,-0.795,2.25,ring,0,3,triang
0.1,5,1.45,1.0758874153,0,50,486,-0.664,2.5,ring,0,3,triang
0.1,5,1.48,1.0677705132,0,50,487,-0.664,2.5,ring,0,3,triang
0.1,5,1.52,1.057266287,0,50,488,-0.664,2.5,ring,0,3,triang
0.1,5,1.56,1.0467620607,0,50,489,-0.664,2.5,ring,0,3,triang
0.1,5,1.6,1.0365761444,0,50,490,-0.664,2.5,ring,0,3,triang
0.15,5,0.44,1.1470296749,0,27,491,-2.873,1.35,ring,0,3,triang
0.15,5,0.47,1.1311141806,0,27,492,-2.873,1.35,ring,0,3,triang
0.15,5,0.5,1.1153578412,0,28,493,-2.624,1.4,ring,0,3,triang
0.15,5,0.53,1.1000789667,0,30,494,-2.037,1.5,ring,0,3,triang
0.15,5,0.57,1.0805029087,0,30,495,-2.037,1.5,ring,0,3,triang
0.15,5,0.61,1.0614043155,0,30,496,-2.037,1.5,ring,0,3,triang
0.15,5,0.66,1.0386451586,0,33,497,-1.585,1.65,ring,0,3,triang
0.15,5,0.74,1.004108536,0,33,498,-1.585,1.65,ring,0,3,triang
0.15,5,0.8,0.9797578297,0,37,499,-1.19,1.85,ring,0,3,triang
0.15,5,0.92,0.9342395159,0,37,500,-1.19,1.85,ring,0,3,triang
0.15,5,0.96,0.920074726,0,39,501,-1.065,1.95,ring,0,3,triang
0.15,5,1,0.906228246,0,39,502,-1.065,1.95,ring,0,3,triang
0.15,5,1.04,0.8927000758,0,43,503,-0.874,2.15,ring,0,3,triang
0.15,5,1.1,0.8736014826,0,43,504,-0.874,2.15,ring,0,3,triang
0.15,5,1.16,0.8549803543,0,43,505,-0.874,2.15,ring,0,3,triang
0.15,5,1.33,1.1401860123,0,49,506,-0.681,2.45,ring,0,3,triang
0.15,5,1.37,1.1252254477,0,49,507,-0.681,2.45,ring,0,3,triang
0.15,5,1.4,1.1142437566,0,49,508,-0.681,2.45,ring,0,3,triang
0.15,5,1.45,1.096259248,0,55,509,-0.57,2.75,ring,0,3,triang
0.15,5,1.48,1.0859141767,0,55,510,-0.57,2.75,ring,0,3,triang
0.15,5,1.52,1.0722268516,0,55,511,-0.57,2.75,ring,0,3,triang
0.15,5,1.56,1.0590169913,0,55,512,-0.57,2.75,ring,0,3,triang
0.15,5,1.6,1.045966286,0,55,513,-0.57,2.75,ring,0,3,triang
0.2,5,0.44,1.1833170019,0,29,514,-2.186,1.45,ring,0,3,triang
0.2,5,0.47,1.1627860142,0,29,515,-2.186,1.45,ring,0,3,triang
0.2,5,0.5,1.1427324914,0,29,516,-2.186,1.45,ring,0,3,triang
0.2,5,0.53,1.1234747433,0,29,517,-2.186,1.45,ring,0,3,triang
0.2,5,0.57,1.0988057271,0,34,518,-1.418,1.7,ring,0,3,triang
0.2,5,0.61,1.0752507955,0,34,519,-1.418,1.7,ring,0,3,triang
0.2,5,0.66,1.0470803706,0,34,520,-1.418,1.7,ring,0,3,triang
0.2,5,0.74,1.0049043107,0,34,521,-1.418,1.7,ring,0,3,triang
0.2,5,0.8,0.9756198012,0,39,522,-1.064,1.95,ring,0,3,triang
0.2,5,0.92,0.9216662754,0,39,523,-1.064,1.95,ring,0,3,triang
0.2,5,0.96,0.9049550064,0,42,524,-0.905,2.1,ring,0,3,triang
0.2,5,1,0.8888803572,0,42,525,-0.905,2.1,ring,0,3,triang
0.2,5,1.04,0.8732831727,0,42,526,-0.905,2.1,ring,0,3,triang
0.2,5,1.1,0.8511606357,0,47,527,-0.734,2.35,ring,0,3,triang
0.2,5,1.16,0.8298338733,0,47,528,-0.734,2.35,ring,0,3,triang
0.2,5,1.22,0.8097803505,0,47,529,-0.734,2.35,ring,0,3,triang
0.2,5,1.25,0.8000718989,0,53,530,-0.613,2.65,ring,0,3,triang
0.2,5,1.25,1.199869116,0,53,531,-0.613,2.65,ring,0,3,triang
0.2,5,1.29,1.1810888327,0,53,532,-0.613,2.65,ring,0,3,triang
0.2,5,1.33,1.1626268593,0,53,533,-0.613,2.65,ring,0,3,triang
0.2,5,1.37,1.1452789705,0,53,534,-0.613,2.65,ring,0,3,triang
0.2,5,1.4,1.1322282652,0,53,535,-0.613,2.65,ring,0,3,triang
0.2,5,1.45,1.1109015028,0,59,536,-0.516,2.95,ring,0,3,triang
0.2,5,1.48,1.098964882,0,59,537,-0.516,2.95,ring,0,3,triang
0.2,5,1.52,1.0828902328,0,59,538,-0.516,2.95,ring,0,3,triang
0.2,5,1.56,1.0674522033,0,59,539,-0.516,2.95,ring,0,3,triang
0.2,5,1.6,1.0528099486,0,59,540,-0.516,2.95,ring,0,3,triang
0.3,5,0.4,1.283743771,0,31,541,-1.863,1.55,ring,0,3,triang
0.3,5,0.44,1.2433184154,0,31,542,-1.863,1.55,ring,0,3,triang
0.3,5,0.47,1.2146705257,0,31,543,-1.863,1.55,ring,0,3,triang
0.3,5,0.5,1.1874550304,0,31,544,-1.863,1.55,ring,0,3,triang
0.3,5,0.53,1.1611944648,0,31,545,-1.863,1.55,ring,0,3,triang
0.3,5,0.57,1.1282493916,0,37,546,-1.212,1.85,ring,0,3,triang
0.3,5,0.61,1.0868691064,0,37,547,-1.212,1.85,ring,0,3,triang
0.3,5,0.66,1.0602902309,0,37,548,-1.212,1.85,ring,0,3,triang
0.3,5,0.74,1.0063367052,0,37,549,-1.212,1.85,ring,0,3,triang
0.3,5,0.8,0.9692536034,0,42,550,-0.916,2.1,ring,0,3,triang
0.3,5,0.92,0.9030451471,0,42,551,-0.916,2.1,ring,0,3,triang
0.3,5,0.96,0.8828324693,0,46,552,-0.784,2.3,ring,0,3,triang
0.3,5,1,0.8635747212,0,46,553,-0.784,2.3,ring,0,3,triang
0.3,5,1.04,0.8451127478,0,46,554,-0.784,2.3,ring,0,3,triang
0.3,5,1.1,0.8190113372,0,51,555,-0.641,2.55,ring,0,3,triang
0.3,5,1.16,0.794183166,0,51,556,-0.641,2.55,ring,0,3,triang
0.3,5,1.16,1.2959987016,0,51,557,-0.641,2.55,ring,0,3,triang
0.3,5,1.22,0.7711056993,0,51,558,-0.641,2.55,ring,0,3,triang
0.3,5,1.22,1.2581198251,0,51,559,-0.641,2.55,ring,0,3,triang
0.3,5,1.25,0.7599648533,0,57,560,-0.54,2.85,ring,0,3,triang
0.3,5,1.25,1.2398170067,0,57,561,-0.54,2.85,ring,0,3,triang
0.3,5,1.29,0.7456409084,0,57,562,-0.54,2.85,ring,0,3,triang
0.3,5,1.29,1.2167395399,0,57,563,-0.54,2.85,ring,0,3,triang
0.3,5,1.33,0.7319535833,0,57,564,-0.54,2.85,ring,0,3,triang
0.3,5,1.33,1.194298693,0,57,565,-0.54,2.85,ring,0,3,triang
0.3,5,1.37,0.7185845681,0,57,566,-0.54,2.85,ring,0,3,triang
0.3,5,1.37,1.1724944658,0,57,567,-0.54,2.85,ring,0,3,triang
0.3,5,1.4,0.7088761165,0,57,568,-0.54,2.85,ring,0,3,triang
0.3,5,1.4,1.1568972813,0,57,569,-0.54,2.85,ring,0,3,triang
0.3,5,1.45,1.1314324904,0,63,570,-0.46,3.15,ring,0,3,triang
0.25,0.1,1.1,0.8333333333,0,307,571,-0.0814438037,15.3480061579,ring,0,2,triang
0.25,0.3,1.1,0.8333333333,0,89,572,-0.2815938634,4.4390171889,ring,0,2,triang
0.25,0.5,1.1,0.8333333333,0,59,573,-0.4258187169,2.9355215035,ring,0,2,triang
0.25,0.7,1.1,0.8333333333,0,48,574,-0.5176315224,2.4148452051,ring,0,2,triang
0.25,0.9,1.1,0.8333333333,0,43,575,-0.5774866599,2.1645521649,ring,0,2,triang
0.25,1.1,1.1,0.8333333333,0,40,576,-0.6185884138,2.0207297327,ring,0,2,triang
0.25,1.3,1.1,0.8333333333,0,39,577,-0.6482329778,1.9283190501,ring,0,2,triang
0.25,1.5,1.1,0.8333333333,0,37,578,-0.6705039414,1.8642694291,ring,0,2,triang
0.25,1.7,1.1,0.8333333333,0,36,579,-0.6877968834,1.817397011,ring,0,2,triang
0.25,1.9,1.1,0.8333333333,0,36,580,-0.7015890901,1.7816696663,ring,0,2,triang
0.25,2.1,1.1,0.8333333333,0,35,581,-0.7128337088,1.7535646598,ring,0,2,triang
0.25,0.1,0.35,1.1538461539,0,28,582,0.8888380531,1.4063304284,ring,0,3,triang
0.25,0.1,0.36,1.171875,0,28,583,0.8875753795,1.4083310881,ring,0,3,triang
0.25,0.1,0.37,1.1904761905,0,28,584,0.8863250612,1.4103177882,ring,0,3,triang
0.25,0.1,0.38,1.2096774194,0,28,585,0.8850869257,1.4122906618,ring,0,3,triang
0.25,0.1,0.39,1.2295081967,0,28,586,0.8838608038,1.4142498396,ring,0,3,triang
0.25,0.1,0.4,1.25,0,28,587,0.8826465299,1.4161954505,ring,0,3,triang
0.25,0.1,0.41,1.2411347518,0,120,588,-0.2081804256,6.0044069763,ring,0,3,triang
0.25,0.1,0.42,1.2323943662,0,122,589,-0.2056872239,6.0771883469,ring,0,3,triang
0.25,0.1,0.43,1.2237762238,0,123,590,-0.2032076887,6.1513420476,ring,0,3,triang
0.25,0.1,0.44,1.2152777778,0,125,591,-0.2007423289,6.2268880065,ring,0,3,triang
0.25,0.1,0.45,1.2068965517,0,126,592,-0.1982916362,6.3038463154,ring,0,3,triang
0.25,0.1,0.46,1.198630137,0,128,593,-0.1958560855,6.3822372273,ring,0,3,triang
0.25,0.1,0.47,1.1904761905,0,129,594,-0.1934361346,6.4620811545,ring,0,3,triang
0.25,0.1,0.48,1.1824324324,0,131,595,-0.191032224,6.5433986663,ring,0,3,triang
0.25,0.1,0.49,1.1744966443,0,133,596,-0.1886447771,6.6262104861,ring,0,3,triang
0.25,0.1,0.5,1.1666666667,0,134,597,-0.1862741997,6.7105374881,ring,0,3,triang
0.25,0.1,0.51,1.1589403974,0,136,598,-0.1839208805,6.7964006944,ring,0,3,triang
0.25,0.1,0.52,1.1513157895,0,138,599,-0.181585191,6.8838212703,ring,0,3,triang
0.25,0.1,0.53,1.1437908497,0,139,600,-0.1792674853,6.9728205206,ring,0,3,triang
0.25,0.1,0.54,1.1363636364,0,141,601,-0.1769681005,7.0634198847,ring,0,3,triang
0.25,0.1,0.55,1.1290322581,0,143,602,-0.1746873567,7.1556409311,ring,0,3,triang
0.25,0.1,0.56,1.1217948718,0,145,603,-0.1724255572,7.249505352,ring,0,3,triang
0.25,0.1,0.57,1.1146496815,0,147,604,-0.1701829886,7.3450349568,ring,0,3,triang
0.25,0.1,0.58,1.1075949367,0,149,605,-0.1679599208,7.4422516652,ring,0,3,triang
0.25,0.1,0.59,1.1006289308,0,151,606,-0.1657566076,7.5411774999,ring,0,3,triang
0.25,0.1,0.6,1.09375,0,153,607,-0.1635732869,7.6418345787,ring,0,3,triang
0.25,0.1,0.61,1.0869565217,0,155,608,-0.1614101805,7.7442451053,ring,0,3,triang
0.25,0.1,0.62,1.0802469136,0,157,609,-0.1592674947,7.8484313606,ring,0,3,triang
0.25,0.1,0.63,1.0736196319,0,159,610,-0.1571454207,7.954415692,ring,0,3,triang
0.25,0.1,0.64,1.0670731707,0,161,611,-0.1550441345,8.0622205029,ring,0,3,triang
0.25,0.1,0.65,1.0606060606,0,163,612,-0.1529637976,8.1718682414,ring,0,3,triang
0.25,0.1,0.66,1.0542168675,0,166,613,-0.1509045572,8.2833813871,ring,0,3,triang
0.25,0.1,0.67,1.0479041916,0,168,614,-0.1488665461,8.3967824387,ring,0,3,triang
0.25,0.1,0.68,1.0416666667,0,170,615,-0.1468498838,8.5120938995,ring,0,3,triang
0.25,0.1,0.69,1.0355029586,0,173,616,-0.1448546762,8.6293382626,ring,0,3,triang
0.25,0.1,0.7,1.0294117647,0,175,617,-0.1428810163,8.7485379947,ring,0,3,triang
0.25,0.1,0.71,1.0233918129,0,177,618,-0.1409289844,8.8697155197,ring,0,3,triang
0.25,0.1,0.72,1.0174418605,0,180,619,-0.1389986484,8.9928932003,ring,0,3,triang
0.25,0.1,0.73,1.0115606936,0,182,620,-0.1370900644,9.1180933194,ring,0,3,triang
0.25,0.1,0.74,1.0057471264,0,185,621,-0.1352032767,9.2453380604,ring,0,3,triang
0.25,0.1,0.75,1,0,187,622,-0.1333383186,9.3746494853,ring,0,3,triang
0.25,0.1,0.76,0.9943181818,0,190,623,-0.1314952124,9.5060495133,ring,0,3,triang
0.25,0.1,0.77,0.988700565,0,193,624,-0.1296739699,9.6395598971,ring,0,3,triang
0.25,0.1,0.78,0.9831460674,0,196,625,-0.1278745927,9.7752021983,ring,0,3,triang
0.25,0.1,0.79,0.9776536313,0,198,626,-0.1260970728,9.9129977617,ring,0,3,triang
0.25,0.1,0.8,0.9722222222,0,201,627,-0.1243413924,10.0529676882,ring,0,3,triang
0.25,0.1,0.81,0.9668508287,0,204,628,-0.122607525,10.1951328062,ring,0,3,triang
0.25,0.1,0.82,0.9615384615,0,207,629,-0.1208954351,10.3395136423,ring,0,3,triang
0.25,0.1,0.83,0.956284153,0,210,630,-0.1192050789,10.4861303901,ring,0,3,triang
0.25,0.1,0.84,0.9510869565,0,213,631,-0.1175364045,10.6350028774,ring,0,3,triang
0.25,0.1,0.85,0.9459459459,0,216,632,-0.1158893524,10.7861505329,ring,0,3,triang
0.25,0.1,0.86,0.9408602151,0,219,633,-0.1142638555,10.9395923505,ring,0,3,triang
0.25,0.1,0.87,0.935828877,0,222,634,-0.1126598399,11.0953468526,ring,0,3,triang
0.25,0.1,0.88,0.9308510638,0,225,635,-0.1110772246,11.2534320518,ring,0,3,triang
0.25,0.1,0.89,0.9259259259,0,228,636,-0.1095159225,11.4138654114,ring,0,3,triang
0.25,0.1,0.9,0.9210526316,0,232,637,-0.1079758401,11.5766638037,ring,0,3,triang
0.25,0.1,0.91,0.9162303665,0,235,638,-0.1064568782,11.7418434671,ring,0,3,triang
0.25,0.1,0.92,0.9114583333,0,238,639,-0.104958932,11.9094199621,ring,0,3,triang
0.25,0.1,0.93,0.9067357513,0,242,640,-0.1034818914,12.0794081248,ring,0,3,triang
0.25,0.1,0.94,0.9020618557,0,245,641,-0.1020256414,12.2518220198,ring,0,3,triang
0.25,0.1,0.95,0.8974358974,0,249,642,-0.1005900622,12.4266748904,ring,0,3,triang
0.25,0.1,0.96,0.8928571429,0,252,643,-0.0991750295,12.6039791086,ring,0,3,triang
0.25,0.1,0.97,0.8883248731,0,256,644,-0.0977804149,12.783746122,ring,0,3,triang
0.25,0.1,0.98,0.8838383838,0,259,645,-0.096406086,12.9659864003,ring,0,3,triang
0.25,0.1,0.99,0.8793969849,0,263,646,-0.0950519066,13.1507093798,ring,0,3,triang
0.25,0.1,1,0.875,0,267,647,-0.0937177372,13.3379234063,ring,0,3,triang
0.25,0.1,1.01,0.8706467662,0,271,648,-0.0924034347,13.5276356766,ring,0,3,triang
0.25,0.1,1.02,0.8663366337,0,274,649,-0.0911088533,13.7198521785,ring,0,3,triang
0.25,0.1,1.03,0.8620689655,0,278,650,-0.0898338443,13.9145776292,ring,0,3,triang
0.25,0.1,1.04,0.8578431373,0,282,651,-0.0885782561,14.1118154127,ring,0,3,triang
0.25,0.1,1.05,0.8536585366,0,286,652,-0.087341935,14.3115675154,ring,0,3,triang
0.25,0.1,1.06,0.8495145631,0,290,653,-0.0861247249,14.5138344606,ring,0,3,triang
0.25,0.1,1.07,0.845410628,0,294,654,-0.0849264676,14.7186152418,ring,0,3,triang
0.25,0.1,1.08,0.8413461538,0,299,655,-0.083747003,14.9259072549,ring,0,3,triang
0.25,0.1,1.09,0.8373205742,0,303,656,-0.0825861695,15.1357062293,ring,0,3,triang
0.25,0.1,1.1,0.8333333333,0,307,657,-0.0814438037,15.3480061579,ring,0,3,triang
0.25,0.1,1.11,0.8293838863,0,311,658,-0.0803197408,15.5627992262,ring,0,3,triang
0.25,0.1,1.12,0.8254716981,0,316,659,-0.079213815,15.7800757413,ring,0,3,triang
0.25,0.1,1.13,0.8215962441,0,320,660,-0.0781258591,15.9998240593,ring,0,3,triang
0.25,0.1,1.14,0.8177570093,0,324,661,-0.0770557051,16.2220305129,ring,0,3,triang
0.25,0.1,1.15,0.8139534884,0,329,662,-0.0760031842,16.4466793384,ring,0,3,triang
0.25,0.1,1.16,0.8101851852,0,333,663,-0.0749681268,16.6737526027,ring,0,3,triang
0.25,0.1,1.17,0.8064516129,0,338,664,-0.0739503628,16.90323013,ring,0,3,triang
0.25,0.1,1.18,0.8027522936,0,343,665,-0.0729497214,17.135089429,ring,0,3,triang
0.25,0.1,1.19,0.799086758,0,347,666,-0.0719660318,17.3693056202,ring,0,3,triang
0.25,0.1,1.2,0.7954545455,0,352,667,-0.0709991226,17.605851364,ring,0,3,triang
0.25,0.1,1.21,0.7918552036,0,357,668,-0.0700488226,17.8446967893,ring,0,3,triang
0.25,0.1,1.21,1.1904761905,0,31,669,0.8128738786,1.5377539283,ring,0,3,triang
0.25,0.1,1.21,1.2443438914,0,357,670,-0.0700488226,17.8446967893,ring,0,3,triang
0.25,0.1,1.22,0.7882882883,0,362,671,-0.0691149603,18.0858094235,ring,0,3,triang
0.25,0.1,1.22,1.1363636364,0,31,672,0.8122706755,1.5388958849,ring,0,3,triang
0.25,0.1,1.22,1.2387387387,0,362,673,-0.0691149603,18.0858094235,ring,0,3,triang
0.25,0.1,1.23,0.7847533632,0,367,674,-0.0681973642,18.3291541234,ring,0,3,triang
0.25,0.1,1.23,1.0869565217,0,31,675,0.8116721095,1.5400307407,ring,0,3,triang
0.25,0.1,1.23,1.2331838565,0,367,676,-0.0681973642,18.3291541234,ring,0,3,triang
0.25,0.1,1.24,0.78125,0,371,677,-0.0672958632,18.5746930081,ring,0,3,triang
0.25,0.1,1.24,1.0416666667,0,31,678,0.8110781369,1.5411585434,ring,0,3,triang
0.25,0.1,1.24,1.2276785714,0,371,679,-0.0672958632,18.5746930081,ring,0,3,triang
0.25,0.1,1.25,0.7777777778,0,376,680,-0.0664102862,18.8223853928,ring,0,3,triang
0.25,0.1,1.25,1,0,31,681,0.8104887147,1.54227934,ring,0,3,triang
0.25,0.1,1.25,1.2222222222,0,376,682,-0.0664102862,18.8223853928,ring,0,3,triang
0.25,0.1,1.26,0.7743362832,0,381,683,-0.0655404623,19.0721877258,ring,0,3,triang
0.25,0.1,1.26,0.9615384615,0,31,684,0.8099038006,1.5433931772,ring,0,3,triang
0.25,0.1,1.26,1.2168141593,0,381,685,-0.0655404623,19.0721877258,ring,0,3,triang
0.25,0.1,1.27,0.7709251101,0,386,686,-0.0646862212,19.3240535269,ring,0,3,triang
0.25,0.1,1.27,0.9259259259,0,31,687,0.8093233525,1.5445001014,ring,0,3,triang
0.25,0.1,1.27,1.2114537445,0,386,688,-0.0646862212,19.3240535269,ring,0,3,triang
0.25,0.1,1.28,0.7675438596,0,392,689,-0.0638473928,19.5779333293,ring,0,3,triang
0.25,0.1,1.28,0.8928571429,0,31,690,0.8087473291,1.5456001584,ring,0,3,triang
0.25,0.1,1.28,1.2061403509,0,392,691,-0.0638473928,19.5779333293,ring,0,3,triang
0.25,0.1,1.29,0.7641921397,0,397,692,-0.0630238078,19.8337746233,ring,0,3,triang
0.25,0.1,1.29,0.8620689655,0,31,693,0.8081756896,1.5466933936,ring,0,3,triang
0.25,0.1,1.29,1.2008733625,0,397,694,-0.0630238078,19.8337746233,ring,0,3,triang
0.25,0.1,1.3,0.7608695652,0,402,695,-0.0622152972,20.0915218049,ring,0,3,triang
0.25,0.1,1.3,0.8333333333,0,31,696,0.8076083936,1.547779852,ring,0,3,triang
0.25,0.1,1.3,1.1956521739,0,402,697,-0.0622152972,20.0915218049,ring,0,3,triang
0.25,0.1,1.31,0.7575757576,0,407,698,-0.0614216927,20.351116126,ring,0,3,triang
0.25,0.1,1.31,0.8064516129,0,31,699,0.8070454013,1.5488595785,ring,0,3,triang
0.25,0.1,1.31,1.1904761905,0,407,700,-0.0614216927,20.351116126,ring,0,3,triang
0.25,0.1,1.32,0.78125,0,31,701,0.8064866732,1.5499326171,ring,0,3,triang
0.25,0.1,1.32,1.1853448276,0,412,702,-0.0606428266,20.6124956507,ring,0,3,triang
0.25,0.1,1.33,1.1802575107,0,418,703,-0.0598785322,20.8755952141,ring,0,3,triang
0.25,0.1,1.34,1.1752136752,0,423,704,-0.0591286433,21.1403463867,ring,0,3,triang
0.25,0.1,1.35,1.170212766,0,428,705,-0.0583929946,21.4066774434,ring,0,3,triang
0.25,0.1,1.36,1.1652542373,0,433,706,-0.0576714218,21.6745133381,ring,0,3,triang
0.25,0.5,0.35,1.1538461539,0,18,707,1.4135998167,0.8842672341,ring,0,3,triang
0.25,0.5,0.36,1.171875,0,18,708,1.4103509955,0.8863041924,ring,0,3,triang
0.25,0.5,0.37,1.1904761905,0,18,709,1.4071520064,0.8883190973,ring,0,3,triang
0.25,0.5,0.38,1.2096774194,0,18,710,1.4040017646,0.8903122713,ring,0,3,triang
0.25,0.5,0.39,1.2295081967,0,18,711,1.4008992189,0.8922840295,ring,0,3,triang
0.25,0.5,0.4,1.25,0,18,712,1.3978433503,0.8942346792,ring,0,3,triang
0.25,0.5,0.41,1.2411347518,0,27,713,-0.930633992,1.3431703664,ring,0,3,triang
0.25,0.5,0.42,1.2323943662,0,27,714,-0.9169259399,1.3632507771,ring,0,3,triang
0.25,0.5,0.43,1.2237762238,0,28,715,-0.9034654047,1.3835615547,ring,0,3,triang
0.25,0.5,0.44,1.2152777778,0,28,716,-0.890253499,1.4040944533,ring,0,3,triang
0.25,0.5,0.45,1.2068965517,0,28,717,-0.8772907055,1.4248412667,ring,0,3,triang
0.25,0.5,0.46,1.198630137,0,29,718,-0.8645769289,1.4457938424,ring,0,3,triang
0.25,0.5,0.47,1.1904761905,0,29,719,-0.852111546,1.4669440942,ring,0,3,triang
0.25,0.5,0.48,1.1824324324,0,30,720,-0.8398934539,1.4882840129,ring,0,3,triang
0.25,0.5,0.49,1.1744966443,0,30,721,-0.8279211154,1.5098056769,ring,0,3,triang
0.25,0.5,0.5,1.1666666667,0,31,722,-0.8161926028,1.5315012606,ring,0,3,triang
0.25,0.5,0.51,1.1589403974,0,31,723,-0.804705639,1.5533630428,ring,0,3,triang
0.25,0.5,0.52,1.1513157895,0,32,724,-0.7934576366,1.5753834136,ring,0,3,triang
0.25,0.5,0.53,1.1437908497,0,32,725,-0.7824457334,1.5975548805,ring,0,3,triang
0.25,0.5,0.54,1.1363636364,0,32,726,-0.7716668268,1.6198700741,ring,0,3,triang
0.25,0.5,0.55,1.1290322581,0,33,727,-0.7611176054,1.6423217531,ring,0,3,triang
0.25,0.5,0.56,1.1217948718,0,33,728,-0.7507945773,1.6649028079,ring,0,3,triang
0.25,0.5,0.57,1.1146496815,0,34,729,-0.7406940979,1.6876062649,ring,0,3,triang
0.25,0.5,0.58,1.1075949367,0,34,730,-0.7308123939,1.7104252889,ring,0,3,triang
0.25,0.5,0.59,1.1006289308,0,35,731,-0.7211455864,1.7333531864,ring,0,3,triang
0.25,0.5,0.6,1.09375,0,35,732,-0.7116897113,1.7563834073,ring,0,3,triang
0.25,0.5,0.61,1.0869565217,0,36,733,-0.7024407383,1.7795095471,ring,0,3,triang
0.25,0.5,0.62,1.0802469136,0,36,734,-0.693394588,1.802725348,ring,0,3,triang
0.25,0.5,0.63,1.0736196319,0,37,735,-0.6845471477,1.8260247001,ring,0,3,triang
0.25,0.5,0.64,1.0670731707,0,37,736,-0.6758942846,1.8494016423,ring,0,3,triang
0.25,0.5,0.65,1.0606060606,0,37,737,-0.6674318593,1.8728503631,ring,0,3,triang
0.25,0.5,0.66,1.0542168675,0,38,738,-0.6591557363,1.8963652004,ring,0,3,triang
0.25,0.5,0.67,1.0479041916,0,38,739,-0.6510617948,1.9199406416,ring,0,3,triang
0.25,0.5,0.68,1.0416666667,0,39,740,-0.6431459368,1.9435713241,ring,0,3,triang
0.25,0.5,0.69,1.0355029586,0,39,741,-0.6354040958,1.9672520341,ring,0,3,triang
0.25,0.5,0.7,1.0294117647,0,40,742,-0.6278322433,1.9909777066,ring,0,3,triang
0.25,0.5,0.71,1.0233918129,0,40,743,-0.6204263951,2.0147434248,ring,0,3,triang
0.25,0.5,0.72,1.0174418605,0,41,744,-0.6131826163,2.0385444185,ring,0,3,triang
0.25,0.5,0.73,1.0115606936,0,41,745,-0.6060970265,2.0623760641,ring,0,3,triang
0.25,0.5,0.74,1.0057471264,0,42,746,-0.5991658032,2.0862338826,ring,0,3,triang
0.25,0.5,0.75,1,0,42,747,-0.5923851854,2.110113539,ring,0,3,triang
0.25,0.5,0.76,0.9943181818,0,43,748,-0.5857514762,2.1340108404,ring,0,3,triang
0.25,0.5,0.77,0.988700565,0,43,749,-0.5792610454,2.1579217348,ring,0,3,triang
0.25,0.5,0.78,0.9831460674,0,44,750,-0.5729103312,2.1818423094,ring,0,3,triang
0.25,0.5,0.79,0.9776536313,0,44,751,-0.5666958415,2.2057687889,ring,0,3,triang
0.25,0.5,0.8,0.9722222222,0,45,752,-0.5606141555,2.2296975339,ring,0,3,triang
0.25,0.5,0.81,0.9668508287,0,45,753,-0.554661924,2.2536250386,ring,0,3,triang
0.25,0.5,0.82,0.9615384615,0,46,754,-0.5488358703,2.2775479295,ring,0,3,triang
0.25,0.5,0.83,0.956284153,0,46,755,-0.54313279,2.3014629626,ring,0,3,triang
0.25,0.5,0.84,0.9510869565,0,47,756,-0.5375495516,2.3253670221,ring,0,3,triang
0.25,0.5,0.85,0.9459459459,0,47,757,-0.5320830958,2.3492571178,ring,0,3,triang
0.25,0.5,0.86,0.9408602151,0,47,758,-0.5267304355,2.3731303829,ring,0,3,triang
0.25,0.5,0.87,0.935828877,0,48,759,-0.5214886551,2.3969840721,ring,0,3,triang
0.25,0.5,0.88,0.9308510638,0,48,760,-0.51635491,2.4208155588,ring,0,3,triang
0.25,0.5,0.89,0.9259259259,0,49,761,-0.5113264258,2.4446223332,ring,0,3,triang
0.25,0.5,0.9,0.9210526316,0,49,762,-0.5064004972,2.4684019999,ring,0,3,triang
0.25,0.5,0.91,0.9162303665,0,50,763,-0.5015744874,2.4921522751,ring,0,3,triang
0.25,0.5,0.92,0.9114583333,0,50,764,-0.496845827,2.5158709847,ring,0,3,triang
0.25,0.5,0.93,0.9067357513,0,51,765,-0.4922120125,2.5395560617,ring,0,3,triang
0.25,0.5,0.94,0.9020618557,0,51,766,-0.4876706058,2.5632055433,ring,0,3,triang
0.25,0.5,0.95,0.8974358974,0,52,767,-0.4832192324,2.586817569,ring,0,3,triang
0.25,0.5,0.96,0.8928571429,0,52,768,-0.4788555806,2.6103903781,ring,0,3,triang
0.25,0.5,0.97,0.8883248731,0,53,769,-0.4745774,2.6339223065,ring,0,3,triang
0.25,0.5,0.98,0.8838383838,0,53,770,-0.4703825004,2.6574117852,ring,0,3,triang
0.25,0.5,0.99,0.8793969849,0,54,771,-0.4662687502,2.6808573369,ring,0,3,triang
0.25,0.5,1,0.875,0,54,772,-0.4622340756,2.7042575741,ring,0,3,triang
0.25,0.5,1.01,0.8706467662,0,55,773,-0.4582764588,2.7276111964,ring,0,3,triang
0.25,0.5,1.02,0.8663366337,0,55,774,-0.4543939368,2.7509169879,ring,0,3,triang
0.25,0.5,1.03,0.8620689655,0,55,775,-0.4505846004,2.7741738151,ring,0,3,triang
0.25,0.5,1.04,0.8578431373,0,56,776,-0.4468465926,2.7973806239,ring,0,3,triang
0.25,0.5,1.05,0.8536585366,0,56,777,-0.4431781073,2.8205364376,ring,0,3,triang
0.25,0.5,1.06,0.8495145631,0,57,778,-0.4395773882,2.8436403545,ring,0,3,triang
0.25,0.5,1.07,0.845410628,0,57,779,-0.4360427274,2.8666915451,ring,0,3,triang
0.25,0.5,1.08,0.8413461538,0,58,780,-0.4325724643,2.8896892502,ring,0,3,triang
0.25,0.5,1.09,0.8373205742,0,58,781,-0.4291649841,2.9126327784,ring,0,3,triang
0.25,0.5,1.1,0.8333333333,0,59,782,-0.4258187169,2.9355215035,ring,0,3,triang
0.25,0.5,1.11,0.8293838863,0,59,783,-0.4225321363,2.9583548628,ring,0,3,triang
0.25,0.5,1.12,0.8254716981,0,60,784,-0.4193037583,2.9811323541,ring,0,3,triang
0.25,0.5,1.13,0.8215962441,0,60,785,-0.4161321402,3.0038535344,ring,0,3,triang
0.25,0.5,1.14,0.8177570093,0,61,786,-0.4130158793,3.0265180169,ring,0,3,triang
0.25,0.5,1.15,0.8139534884,0,61,787,-0.4099536121,3.0491254694,ring,0,3,triang
0.25,0.5,1.16,0.8101851852,0,61,788,-0.406944013,3.0716756119,ring,0,3,triang
0.25,0.5,1.17,0.8064516129,0,62,789,-0.4039857931,3.0941682146,ring,0,3,triang
0.25,0.5,1.18,0.8027522936,0,62,790,-0.4010776995,3.116603096,ring,0,3,triang
0.25,0.5,1.19,0.799086758,0,63,791,-0.3982185142,3.138980121,ring,0,3,triang
0.25,0.5,1.2,0.7954545455,0,63,792,-0.3954070531,3.1612991984,ring,0,3,triang
0.25,0.5,1.21,0.7918552036,0,64,793,-0.3926421648,3.1835602798,ring,0,3,triang
0.25,0.5,1.21,1.1904761905,0,20,794,1.2482573332,1.0013960797,ring,0,3,triang
0.25,0.5,1.21,1.2443438914,0,64,795,-0.3926421648,3.1835602798,ring,0,3,triang
0.25,0.5,1.22,0.7882882883,0,64,796,-0.38992273,3.2057633572,ring,0,3,triang
0.25,0.5,1.22,1.1363636364,0,20,797,1.2471834467,1.0022583312,ring,0,3,triang
0.25,0.5,1.22,1.2387387387,0,64,798,-0.38992273,3.2057633572,ring,0,3,triang
0.25,0.5,1.23,0.7847533632,0,65,799,-0.3872476605,3.2279084614,ring,0,3,triang
0.25,0.5,1.23,1.0869565217,0,20,800,1.2461217069,1.0031122908,ring,0,3,triang
0.25,0.5,1.23,1.2331838565,0,65,801,-0.3872476605,3.2279084614,ring,0,3,triang
0.25,0.5,1.24,0.78125,0,65,802,-0.3846158982,3.2499956601,ring,0,3,triang
0.25,0.5,1.24,1.0416666667,0,20,803,1.2450719584,1.0039580376,ring,0,3,triang
0.25,0.5,1.24,1.2276785714,0,65,804,-0.3846158982,3.2499956601,ring,0,3,triang
0.25,0.5,1.25,0.7777777778,0,65,805,-0.3820264144,3.2720250564,ring,0,3,triang
0.25,0.5,1.25,1,0,20,806,1.244034048,1.0047956501,ring,0,3,triang
0.25,0.5,1.25,1.2222222222,0,65,807,-0.3820264144,3.2720250564,ring,0,3,triang
0.25,0.5,1.26,0.7743362832,0,66,808,-0.3794782087,3.2939967868,ring,0,3,triang
0.25,0.5,1.26,0.9615384615,0,20,809,1.2430078253,1.0056252057,ring,0,3,triang
0.25,0.5,1.26,1.2168141593,0,66,810,-0.3794782087,3.2939967868,ring,0,3,triang
0.25,0.5,1.27,0.7709251101,0,66,811,-0.3769703084,3.31591102,ring,0,3,triang
0.25,0.5,1.27,0.9259259259,0,20,812,1.2419931421,1.0064467811,ring,0,3,triang
0.25,0.5,1.27,1.2114537445,0,66,813,-0.3769703084,3.31591102,ring,0,3,triang
0.25,0.5,1.28,0.7675438596,0,67,814,-0.3745017679,3.337767955,ring,0,3,triang
0.25,0.5,1.28,0.8928571429,0,20,815,1.2409898527,1.007260452,ring,0,3,triang
0.25,0.5,1.28,1.2061403509,0,67,816,-0.3745017679,3.337767955,ring,0,3,triang
0.25,0.5,1.29,0.7641921397,0,67,817,-0.3720716673,3.3595678194,ring,0,3,triang
0.25,0.5,1.29,0.8620689655,0,20,818,1.2399978138,1.0080662934,ring,0,3,triang
0.25,0.5,1.29,1.2008733625,0,67,819,-0.3720716673,3.3595678194,ring,0,3,triang
0.25,0.5,1.3,0.7608695652,0,68,820,-0.3696791122,3.3813108685,ring,0,3,triang
0.25,0.5,1.3,0.8333333333,0,20,821,1.2390168842,1.0088643795,ring,0,3,triang
0.25,0.5,1.3,1.1956521739,0,68,822,-0.3696791122,3.3813108685,ring,0,3,triang
0.25,0.5,1.31,0.7575757576,0,68,823,-0.3673232328,3.4029973831,ring,0,3,triang
0.25,0.5,1.31,0.8064516129,0,20,824,1.2380469251,1.0096547834,ring,0,3,triang
0.25,0.5,1.31,1.1904761905,0,68,825,-0.3673232328,3.4029973831,ring,0,3,triang
0.25,0.5,1.32,0.78125,0,20,826,1.2370877998,1.0104375778,ring,0,3,triang
0.25,0.5,1.32,1.1853448276,0,68,827,-0.3650031831,3.4246276688,ring,0,3,triang
0.25,0.5,1.33,1.1802575107,0,69,828,-0.3627181403,3.4462020541,ring,0,3,triang
0.25,0.5,1.34,1.1752136752,0,69,829,-0.360467304,3.4677208892,ring,0,3,triang
0.25,0.5,1.35,1.170212766,0,70,830,-0.3582498959,3.489184545,ring,0,3,triang
0.25,0.5,1.36,1.1652542373,0,70,831,-0.3560651587,3.5105934114,ring,0,3,triang
0.25,0.1,1.13,1.05633802817,1.0,320,832,-0.0781258590948,15.9998240593,ring,0.0,3,triang
0.25,0.1,1.14,1.05140186916,1.0,324,833,-0.0770557051416,16.2220305129,ring,0.0,3,triang
0.25,0.1,1.15,1.04651162791,1.0,329,834,-0.0760031842465,16.4466793384,ring,0.0,3,triang
0.25,0.1,1.16,1.04166666667,1.0,333,835,-0.0749681268389,16.6737526027,ring,0.0,3,triang
0.25,0.1,1.17,1.03686635945,1.0,338,836,-0.0739503627641,16.90323013,ring,0.0,3,triang
0.25,0.1,1.18,1.03211009174,1.0,343,837,-0.0729497213994,17.135089429,ring,0.0,3,triang
0.25,0.1,1.19,1.02739726027,1.0,347,838,-0.071966031765,17.3693056202,ring,0.0,3,triang
0.25,0.1,1.2,1.02272727273,1.0,352,839,-0.0709991226301,17.605851364,ring,0.0,3,triang
0.25,0.1,1.21,1.01809954751,1.0,357,840,-0.0700488226144,17.8446967893,ring,0.0,3,triang
0.25,0.1,1.22,1.01351351351,1.0,362,841,-0.0691149602835,18.0858094235,ring,0.0,3,triang
0.25,0.1,1.23,1.00896860987,1.0,367,842,-0.0681973642418,18.3291541234,ring,0.0,3,triang
0.25,0.1,1.24,1.00446428571,1.0,371,843,-0.0672958632186,18.5746930081,ring,0.0,3,triang
0.25,0.1,1.25,1.0,1.0,376,844,-0.0664102861521,18.8223853928,ring,0.0,3,triang
0.25,0.1,1.26,0.995575221239,1.0,381,845,-0.0655404622676,19.0721877258,ring,0.0,3,triang
0.25,0.1,1.27,0.991189427313,1.0,386,846,-0.0646862211523,19.3240535269,ring,0.0,3,triang
0.25,0.1,1.28,0.986842105263,1.0,392,847,-0.0638473928263,19.5779333293,ring,0.0,3,triang
0.25,0.1,1.29,0.982532751092,1.0,397,848,-0.0630238078096,19.8337746233,ring,0.0,3,triang
0.25,0.1,1.3,0.978260869565,1.0,402,849,-0.0622152971856,20.0915218049,ring,0.0,3,triang
0.25,0.1,1.31,0.974025974026,1.0,407,850,-0.061421692661,20.351116126,ring,0.0,3,triang
0.25,0.1,1.32,0.969827586207,1.0,412,851,-0.0606428266223,20.6124956507,ring,0.0,3,triang
0.25,0.1,1.33,0.965665236052,1.0,418,852,-0.0598785321893,20.8755952141,ring,0.0,3,triang
0.25,0.1,1.34,0.961538461538,1.0,423,853,-0.0591286432652,21.1403463867,ring,0.0,3,triang
0.25,0.1,1.35,0.957446808511,1.0,428,854,-0.0583929945834,21.4066774434,ring,0.0,3,triang
0.25,0.1,1.36,0.953389830508,1.0,433,855,-0.0576714217524,21.6745133381,ring,0.0,3,triang
0.25,0.1,1.37,0.949367088608,1.0,439,856,-0.0569637612969,21.9437756837,ring,0.0,3,triang
0.25,0.1,1.38,0.945378151261,1.0,444,857,-0.0562698506967,22.2143827383,ring,0.0,3,triang
0.25,0.1,1.39,0.941422594142,1.0,450,858,-0.0555895284226,22.4862493975,ring,0.0,3,triang
0.25,0.1,1.4,0.9375,1.0,455,859,-0.0549226339707,22.7592871942,ring,0.0,3,triang
0.25,0.1,1.41,0.933609958506,1.0,461,860,-0.0542690078936,23.0334043042,ring,0.0,3,triang
0.25,0.1,1.42,0.929752066116,1.0,466,861,-0.0536284918293,23.3085055604,ring,0.0,3,triang
0.25,0.1,1.43,0.925925925926,1.0,472,862,-0.0530009285283,23.5844924742,ring,0.0,3,triang
0.25,0.1,1.44,0.922131147541,1.0,477,863,-0.0523861618785,23.8612632645,ring,0.0,3,triang
0.25,0.1,1.45,0.918367346939,1.0,483,864,-0.0517840369282,24.1387128959,ring,0.0,3,triang
0.25,0.1,1.46,0.916666666667,1.0,70,865,0.356132299396,3.5099315679,ring,0.0,3,triang
0.25,0.1,1.47,0.916666666667,1.0,70,866,0.355682470613,3.51437055035,ring,0.0,3,triang
0.25,0.1,1.48,0.916666666667,1.0,70,867,0.355232835513,3.51881885636,ring,0.0,3,triang
0.25,0.1,1.49,0.916666666667,1.0,70,868,0.354783416425,3.52327629232,ring,0.0,3,triang
0.25,0.1,1.5,0.916666666667,1.0,71,869,0.354334235067,3.52774266863,ring,0.0,3,triang
0.25,0.1,1.13,1.05633802817,1.0,320,870,-0.0781258590948,15.9998240593,ring,0.0,3,triang
0.25,0.1,1.14,1.05140186916,1.0,324,871,-0.0770557051416,16.2220305129,ring,0.0,3,triang
0.25,0.1,1.15,1.04651162791,1.0,329,872,-0.0760031842465,16.4466793384,ring,0.0,3,triang
0.25,0.1,1.16,1.04166666667,1.0,333,873,-0.0749681268389,16.6737526027,ring,0.0,3,triang
0.25,0.1,1.17,1.03686635945,1.0,338,874,-0.0739503627641,16.90323013,ring,0.0,3,triang
0.25,0.1,1.18,1.03211009174,1.0,343,875,-0.0729497213994,17.135089429,ring,0.0,3,triang
0.25,0.1,1.19,1.02739726027,1.0,347,876,-0.071966031765,17.3693056202,ring,0.0,3,triang
0.25,0.1,1.2,1.02272727273,1.0,352,877,-0.0709991226301,17.605851364,ring,0.0,3,triang
0.25,0.1,1.21,1.01809954751,1.0,357,878,-0.0700488226144,17.8446967893,ring,0.0,3,triang
0.25,0.1,1.22,1.01351351351,1.0,362,879,-0.0691149602835,18.0858094235,ring,0.0,3,triang
0.25,0.1,1.23,1.00896860987,1.0,367,880,-0.0681973642418,18.3291541234,ring,0.0,3,triang
0.25,0.1,1.24,1.00446428571,1.0,371,881,-0.0672958632186,18.5746930081,ring,0.0,3,triang
0.25,0.1,1.25,1.0,1.0,376,882,-0.0664102861521,18.8223853928,ring,0.0,3,triang
0.25,0.1,1.26,0.995575221239,1.0,381,883,-0.0655404622676,19.0721877258,ring,0.0,3,triang
0.25,0.1,1.27,0.991189427313,1.0,386,884,-0.0646862211523,19.3240535269,ring,0.0,3,triang
0.25,0.1,1.28,0.986842105263,1.0,392,885,-0.0638473928263,19.5779333293,ring,0.0,3,triang
0.25,0.1,1.29,0.982532751092,1.0,397,886,-0.0630238078096,19.8337746233,ring,0.0,3,triang
0.25,0.1,1.3,0.978260869565,1.0,402,887,-0.0622152971856,20.0915218049,ring,0.0,3,triang
0.25,0.1,1.31,0.974025974026,1.0,407,888,-0.061421692661,20.351116126,ring,0.0,3,triang
0.25,0.1,1.32,0.969827586207,1.0,412,889,-0.0606428266223,20.6124956507,ring,0.0,3,triang
0.25,0.1,1.33,0.965665236052,1.0,418,890,-0.0598785321893,20.8755952141,ring,0.0,3,triang
0.25,0.1,1.34,0.961538461538,1.0,423,891,-0.0591286432652,21.1403463867,ring,0.0,3,triang
0.25,0.1,1.35,0.957446808511,1.0,428,892,-0.0583929945834,21.4066774434,ring,0.0,3,triang
0.25,0.1,1.36,0.953389830508,1.0,433,893,-0.0576714217524,21.6745133381,ring,0.0,3,triang
0.25,0.1,1.37,0.949367088608,1.0,439,894,-0.0569637612969,21.9437756837,ring,0.0,3,triang
0.25,0.1,1.38,0.945378151261,1.0,444,895,-0.0562698506967,22.2143827383,ring,0.0,3,triang
0.25,0.1,1.39,0.941422594142,1.0,450,896,-0.0555895284226,22.4862493975,ring,0.0,3,triang
0.25,0.1,1.4,0.9375,1.0,455,897,-0.0549226339707,22.7592871942,ring,0.0,3,triang
0.25,0.1,1.41,0.933609958506,1.0,461,898,-0.0542690078936,23.0334043042,ring,0.0,3,triang
0.25,0.1,1.42,0.929752066116,1.0,466,899,-0.0536284918293,23.3085055604,ring,0.0,3,triang
0.25,0.1,1.43,0.925925925926,1.0,472,900,-0.0530009285283,23.5844924742,ring,0.0,3,triang
0.25,0.1,1.44,0.922131147541,1.0,477,901,-0.0523861618785,23.8612632645,ring,0.0,3,triang
0.25,0.1,1.45,0.918367346939,1.0,483,902,-0.0517840369282,24.1387128959,ring,0.0,3,triang
0.25,0.1,1.46,0.916666666667,1.0,70,903,0.356132299396,3.5099315679,ring,0.0,3,triang
0.25,0.1,1.47,0.916666666667,1.0,70,904,0.355682470613,3.51437055035,ring,0.0,3,triang
0.25,0.1,1.48,0.916666666667,1.0,70,905,0.355232835513,3.51881885636,ring,0.0,3,triang
0.25,0.1,1.49,0.916666666667,1.0,70,906,0.354783416425,3.52327629232,ring,0.0,3,triang
0.25,0.1,1.5,0.916666666667,1.0,71,907,0.354334235067,3.52774266863,ring,0.0,3,triang
0.25,0.1,0.15,1.08333333333,1.0,64,908,0.388829267702,3.21477857721,ring,0.0,3,triang
0.25,0.1,0.16,1.0775862069,1.0,92,909,-0.273162403705,4.57603236407,ring,0.0,3,triang
0.25,0.1,0.17,1.06837606838,1.0,92,910,-0.270534103378,4.62048955895,ring,0.0,3,triang
0.25,0.1,0.18,1.0593220339,1.0,93,911,-0.267902551236,4.6658756859,ring,0.0,3,triang
0.25,0.1,0.19,1.05042016807,1.0,94,912,-0.265268512917,4.71220645924,ring,0.0,3,triang
0.25,0.1,0.2,1.04166666667,1.0,95,913,-0.262632753085,4.75949775996,ring,0.0,3,triang
0.25,0.1,0.21,1.03305785124,1.0,96,914,-0.25999603447,4.80776563592,ring,0.0,3,triang
0.25,0.1,0.22,1.02459016393,1.0,97,915,-0.257359116928,4.85702630208,ring,0.0,3,triang
0.25,0.1,0.23,1.0162601626,1.0,98,916,-0.254722756512,4.90729614077,ring,0.0,3,triang
0.25,0.1,0.24,1.00806451613,1.0,99,917,-0.252087704559,4.95859170199,ring,0.0,3,triang
0.25,0.1,0.25,1.0,1.0,100,918,-0.249454706794,5.0109297037,ring,0.0,3,triang
0.25,0.1,0.26,0.992063492063,1.0,101,919,-0.24682450246,5.06432703213,ring,0.0,3,triang
0.25,0.1,0.27,0.984251968504,1.0,102,920,-0.24419782347,5.11880074212,ring,0.0,3,triang
0.25,0.1,0.28,0.9765625,1.0,103,921,-0.241575393579,5.17436805744,ring,0.0,3,triang
0.25,0.1,0.29,0.968992248062,1.0,105,922,-0.238957927597,5.2310463711,ring,0.0,3,triang
0.25,0.1,0.3,0.961538461538,1.0,106,923,-0.236346130618,5.28885324559,ring,0.0,3,triang
0.25,0.1,0.31,0.954198473282,1.0,107,924,-0.233740697289,5.34780641324,ring,0.0,3,triang
0.25,0.1,0.32,0.94696969697,1.0,108,925,-0.231142311114,5.40792377637,ring,0.0,3,triang
0.25,0.1,0.33,0.93984962406,1.0,109,926,-0.228551643784,5.46922340748,ring,0.0,3,triang
0.25,0.1,0.34,0.932835820896,1.0,111,927,-0.22596935455,5.53172354938,ring,0.0,3,triang
0.25,0.1,0.35,0.925925925926,1.0,112,928,-0.223396089632,5.59544261522,ring,0.0,3,triang
0.25,0.1,0.36,0.919117647059,1.0,113,929,-0.220832481666,5.66039918843,ring,0.0,3,triang
0.25,0.1,0.37,0.916666666667,1.0,64,930,0.393553417235,3.17618891174,ring,0.0,3,triang
0.25,0.1,0.38,0.916666666667,1.0,64,931,0.393554807507,3.17617769154,ring,0.0,3,triang
